{
	"credit": "Made with Blockbench",
	"texture_size": [128, 128],
	"textures": {
		"0": "./box",
		"particle": "./box"
	},
	"elements": [
		{
			"from": [2, 0, -14],
			"to": [16, 13, 30],
			"faces": {
				"north": {"uv": [3.875, 3.625, 5.625, 5.25], "texture": "#0"},
				"east": {"uv": [6, 7.125, 11.75, 9.125], "texture": "#0"},
				"south": {"uv": [3.875, 1, 5.625, 2.625], "texture": "#0"},
				"west": {"uv": [6, 3.5, 11.75, 5.5], "texture": "#0"},
				"up": {"uv": [1.75, 5.5, 0, 0], "texture": "#0"},
				"down": {"uv": [3.5, 0, 1.75, 5.5], "texture": "#0"}
			}
		},
		{
			"from": [1, 6, 5],
			"to": [2, 12, 11],
			"rotation": {"angle": 0, "axis": "y", "origin": [0, 6, 5]},
			"faces": {
				"north": {"uv": [2.375, 11.25, 3.125, 12], "texture": "#0"},
				"east": {"uv": [14.875, 6.125, 15.625, 6.875], "texture": "#0"},
				"south": {"uv": [0.125, 9.375, 0.875, 10.125], "texture": "#0"},
				"west": {"uv": [1, 10.375, 1.75, 11.125], "texture": "#0"},
				"up": {"uv": [3.25, 13.5, 3.875, 14.25], "texture": "#0"},
				"down": {"uv": [1, 8.875, 1.875, 9.625], "texture": "#0"}
			}
		},
		{
			"from": [2, 13, -1],
			"to": [16, 14, 17],
			"rotation": {"angle": 0, "axis": "y", "origin": [4, 13, 0]},
			"faces": {
				"north": {"uv": [13.125, 8.875, 14.875, 9.25], "texture": "#0"},
				"east": {"uv": [10.25, 12.5, 12.5, 13.125], "texture": "#0"},
				"south": {"uv": [0.375, 6.875, 2.125, 7.625], "texture": "#0"},
				"west": {"uv": [12.25, 1, 14.5, 1.5], "texture": "#0"},
				"up": {"uv": [13.75, 13, 15.5, 15.25], "texture": "#0"},
				"down": {"uv": [8, 13.75, 9.75, 16], "texture": "#0"}
			}
		}
	],
	"display": {
		"thirdperson_righthand": {
			"rotation": [-68.47, 88.16, 83.11],
			"translation": [-5.25, 1.5, 0],
			"scale": [0.39063, 0.50391, 0.60156]
		},
		"thirdperson_lefthand": {
			"rotation": [-17.47, -41.48, -83.99],
			"translation": [-5.25, -7.5, 10.75],
			"scale": [0.33594, 0.41016, 0.60156]
		},
		"firstperson_righthand": {
			"scale": [0.76953, 0.84375, 0.90625]
		},
		"firstperson_lefthand": {
			"scale": [0.03516, 0, 0]
		},
		"ground": {
			"scale": [0.55469, 0.64258, 0.81445]
		},
		"gui": {
			"rotation": [91.07, 48.08, -88.27],
			"translation": [0.75, 0, 0],
			"scale": [1, 0.44336, 0.39844]
		},
		"fixed": {
			"rotation": [0, -88.75, 0],
			"translation": [0, 0, -7.75],
			"scale": [1, 1.21289, 1.42188]
		}
	}
}