{
	"credit": "Made with Blockbench",
	"parent": "diamond_sword",
	"texture_size": [8, 8],
	"textures": {
		"1": "./enten",
		"particle": "./enten"
	},
	"elements": [
		{
			"from": [7, -9, 7],
			"to": [9, -7, 10],
			"rotation": {"angle": 0, "axis": "y", "origin": [7, -9, 8]},
			"faces": {
				"north": {"uv": [5.125, 11.0625, 5.75, 11.6875], "texture": "#1"},
				"east": {"uv": [6.625, 10.25, 6.875, 11.3125], "texture": "#1"},
				"south": {"uv": [7.875, 11.5, 9.5, 13.1875], "texture": "#1"},
				"west": {"uv": [6.75, 11.875, 7.5625, 12.1875], "texture": "#1"},
				"up": {"uv": [16, 16, 0, 0], "texture": "#1"},
				"down": {"uv": [8.4375, 10.6875, 7.4375, 11.125], "texture": "#1"}
			}
		},
		{
			"from": [7, -7, 7],
			"to": [9, 2, 10],
			"rotation": {"angle": 0, "axis": "y", "origin": [7, -1, 8]},
			"faces": {
				"north": {"uv": [5.25, 0, 6.25, 4.5625], "texture": "#1"},
				"east": {"uv": [4.1875, 0, 5.125, 4.5625], "texture": "#1"},
				"south": {"uv": [7.875, 0, 8.75, 4.5], "texture": "#1"},
				"west": {"uv": [6.5, 0.125, 7.375, 4.625], "texture": "#1"},
				"up": {"uv": [9.125, 14.4375, 10.375, 16], "texture": "#1"},
				"down": {"uv": [3.1875, 3, 16, 16], "texture": "#1"}
			}
		},
		{
			"from": [4, 2, 3],
			"to": [12, 2, 14],
			"rotation": {"angle": 0, "axis": "y", "origin": [7, 5, 8]},
			"faces": {
				"north": {"uv": [5.1875, 6.625, 5.875, 7], "texture": "#1"},
				"east": {"uv": [4.6875, 7.25, 5.4375, 7.4375], "texture": "#1"},
				"south": {"uv": [5.1875, 7.75, 5.875, 8], "texture": "#1"},
				"west": {"uv": [4.1875, 7.875, 4.8125, 8], "texture": "#1"},
				"up": {"uv": [5.3125, 6.25, 4.1875, 4.625], "texture": "#1"},
				"down": {"uv": [7.5, 5.625, 6.5, 7.3125], "texture": "#1"}
			}
		},
		{
			"from": [7, 2, 8],
			"to": [9, 28, 9],
			"rotation": {"angle": 0, "axis": "y", "origin": [7, 10, 8]},
			"faces": {
				"north": {"uv": [12.75, 3, 13.75, 16], "texture": "#1"},
				"east": {"uv": [11.3125, 3, 11.8125, 16], "texture": "#1"},
				"south": {"uv": [15, 3, 16, 16], "texture": "#1"},
				"west": {"uv": [14.1875, 3, 14.6875, 16], "texture": "#1"},
				"up": {"uv": [4, 0.5, 3, 0], "texture": "#1"},
				"down": {"uv": [4, 0.5, 3, 1], "texture": "#1"}
			}
		},
		{
			"from": [7, 28, 8],
			"to": [9, 31, 9],
			"rotation": {"angle": 0, "axis": "y", "origin": [7, 25, 8]},
			"faces": {
				"north": {"uv": [0, 14.5, 1, 16], "texture": "#1"},
				"east": {"uv": [0.0625, 13.25, 0.875, 14.25], "texture": "#1"},
				"south": {"uv": [1.3125, 14.5, 2.3125, 16], "texture": "#1"},
				"west": {"uv": [2.5625, 12.9375, 3, 14.4375], "texture": "#1"},
				"up": {"uv": [4.625, 16, 3.625, 15.5], "texture": "#1"},
				"down": {"uv": [12, 0, 8, 2], "texture": "#1"}
			}
		},
		{
			"from": [9, 28, 8],
			"to": [9, 30, 9],
			"rotation": {"angle": 22.5, "axis": "z", "origin": [9, 28, 9]},
			"faces": {
				"north": {"uv": [0, 0, 0, 16], "texture": "#1"},
				"east": {"uv": [11.8125, 4.625, 12.625, 5.625], "texture": "#1"},
				"south": {"uv": [0, 0, 0, 16], "texture": "#1"},
				"west": {"uv": [12.375, 13.6875, 11.5, 15.5625], "texture": "#1"},
				"up": {"uv": [0, 8, 0, 0], "texture": "#1"},
				"down": {"uv": [0, 0, 0, 8], "texture": "#1"}
			}
		},
		{
			"from": [8, 29, 8],
			"to": [8, 32, 9],
			"rotation": {"angle": 45, "axis": "z", "origin": [8, 30, 9]},
			"faces": {
				"north": {"uv": [0, 0, 0, 12], "texture": "#1"},
				"east": {"uv": [14.4375, 1.1875, 15.0625, 2.0625], "texture": "#1"},
				"south": {"uv": [0, 0, 0, 12], "texture": "#1"},
				"west": {"uv": [13.125, 1.25, 13.9375, 2.125], "texture": "#1"},
				"up": {"uv": [0, 4, 0, 0], "texture": "#1"},
				"down": {"uv": [0, 0, 0, 4], "texture": "#1"}
			}
		}
	],
	"display": {
		"thirdperson_righthand": {
			"rotation": [-119.78, 88.55, 119.83],
			"translation": [0, 6.5, 0.25],
			"scale": [0.77539, 0.83203, 0.3125]
		},
		"thirdperson_lefthand": {
			"rotation": [-134.51, -83.24, -136.77],
			"translation": [0.75, 7.25, 0],
			"scale": [0.77539, 0.83203, 0.3125]
		},
		"firstperson_righthand": {
			"rotation": [-23, 89.75, 0],
			"translation": [4.75, 4.75, -5.25],
			"scale": [1.08203, 0.95117, 0.3418]
		},
		"firstperson_lefthand": {
			"rotation": [179.81, -79.26, -157.53],
			"translation": [4.75, 4.75, -5.25],
			"scale": [1.08203, 0.95117, 0.3418]
		},
		"ground": {
			"rotation": [-57.26, -29.78, 51.97],
			"scale": [1, 1, 0.29883]
		},
		"gui": {
			"rotation": [0, 0, -47.25],
			"scale": [0.5, 0.58789, 1]
		},
		"fixed": {
			"rotation": [0, 0, -87.75],
			"translation": [-2, 0, 0],
			"scale": [1.67188, 2.07031, 0.69531]
		}
	},
	"groups": [
		{
			"name": "group",
			"origin": [7, 0, 8],
			"color": 0,
			"children": [0]
		},
		{
			"name": "group",
			"origin": [7, 0, 8],
			"color": 0,
			"children": []
		},
		{
			"name": "group",
			"origin": [7, 0, 8],
			"color": 0,
			"children": []
		},
		{
			"name": "group",
			"origin": [7, 0, 8],
			"color": 0,
			"children": []
		},
		{
			"name": "group",
			"origin": [7, 0, 8],
			"color": 0,
			"children": [1]
		},
		{
			"name": "group",
			"origin": [7, 10, 8],
			"color": 0,
			"children": [2]
		},
		{
			"name": "group",
			"origin": [7, 10, 8],
			"color": 0,
			"children": [3]
		},
		{
			"name": "group",
			"origin": [7, 17, 8],
			"color": 0,
			"children": [
				4,
				{
					"name": "group",
					"origin": [8, 8, 8],
					"color": 0,
					"children": [5]
				},
				{
					"name": "group",
					"origin": [8, 8, 8],
					"color": 0,
					"children": [6]
				}
			]
		}
	]
}