{
	"credit": "Made with Blockbench",
	"texture_size": [128, 128],
	"textures": {
		"1": "./fish1",
		"particle": "./fish1"
	},
	"elements": [
		{
			"from": [19.83522, 4.22625, 5],
			"to": [27.83522, 11.22625, 10],
			"rotation": {"angle": 45, "axis": "z", "origin": [25, 9, 8]},
			"faces": {
				"north": {"uv": [8.875, 1.875, 9.875, 2.75], "texture": "#1"},
				"east": {"uv": [4.875, 9, 5.5, 9.875], "texture": "#1"},
				"south": {"uv": [8.875, 1.875, 9.875, 2.75], "texture": "#1"},
				"west": {"uv": [4.875, 9, 5.5, 9.875], "texture": "#1"},
				"up": {"uv": [9.875, 6.125, 8.875, 5.5], "texture": "#1"},
				"down": {"uv": [9.875, 5.5, 8.875, 6.125], "texture": "#1"}
			}
		},
		{
			"from": [22.77375, -1.16478, 2],
			"to": [29.77375, 6.83522, 5],
			"rotation": {"angle": -22.5, "axis": "y", "origin": [25, 4, 3]},
			"faces": {
				"north": {"uv": [14.375, 0.125, 15.375, 1], "texture": "#1"},
				"east": {"uv": [6.875, 9, 7.25, 10], "texture": "#1"},
				"south": {"uv": [8.875, 1.875, 9.875, 2.75], "texture": "#1"},
				"west": {"uv": [6.875, 9, 7.25, 10], "texture": "#1"},
				"up": {"uv": [9.75, 6.875, 8.875, 6.5], "texture": "#1"},
				"down": {"uv": [9.75, 6.5, 8.875, 6.875], "texture": "#1"}
			}
		},
		{
			"from": [22.77375, -1.16478, 10],
			"to": [29.77375, 6.83522, 13],
			"rotation": {"angle": 22.5, "axis": "y", "origin": [25, 4, 11]},
			"faces": {
				"north": {"uv": [8.875, 1.875, 9.875, 2.75], "texture": "#1"},
				"east": {"uv": [6.875, 9, 7.25, 10], "texture": "#1"},
				"south": {"uv": [14, 1.75, 15, 2.625], "texture": "#1"},
				"west": {"uv": [6.875, 9, 7.25, 10], "texture": "#1"},
				"up": {"uv": [9.75, 6.875, 8.875, 6.5], "texture": "#1"},
				"down": {"uv": [9.75, 6.5, 8.875, 6.875], "texture": "#1"}
			}
		},
		{
			"from": [17.77375, 7.83522, 5],
			"to": [24.77375, 12.83522, 10],
			"rotation": {"angle": 0, "axis": "z", "origin": [20, 10, 8]},
			"faces": {
				"north": {"uv": [4.875, 9, 5.5, 9.875], "texture": "#1"},
				"east": {"uv": [6.25, 9, 6.875, 9.625], "texture": "#1"},
				"south": {"uv": [4.875, 9, 5.5, 9.875], "texture": "#1"},
				"west": {"uv": [6.25, 9, 6.875, 9.625], "texture": "#1"},
				"up": {"uv": [5.5, 9.875, 4.875, 9], "texture": "#1"},
				"down": {"uv": [5.5, 9, 4.875, 9.875], "texture": "#1"}
			}
		},
		{
			"from": [26.83522, -0.77375, 5],
			"to": [31.83522, 6.22625, 10],
			"rotation": {"angle": 22.5, "axis": "z", "origin": [29, 4, 8]},
			"faces": {
				"north": {"uv": [4.875, 9, 5.5, 9.875], "texture": "#1"},
				"east": {"uv": [4.875, 9, 5.5, 9.875], "texture": "#1"},
				"south": {"uv": [4.875, 9, 5.5, 9.875], "texture": "#1"},
				"west": {"uv": [4.875, 9, 5.5, 9.875], "texture": "#1"},
				"up": {"uv": [6.875, 9.625, 6.25, 9], "texture": "#1"},
				"down": {"uv": [6.875, 9, 6.25, 9.625], "texture": "#1"}
			}
		},
		{
			"from": [18.77375, -4.16478, 5],
			"to": [30.77375, 0.83522, 10],
			"rotation": {"angle": 22.5, "axis": "z", "origin": [26, -2, 8]},
			"faces": {
				"north": {"uv": [2.75, 4.375, 4.25, 5], "texture": "#1"},
				"east": {"uv": [6.25, 9, 6.875, 9.625], "texture": "#1"},
				"south": {"uv": [2.75, 4.375, 4.25, 5], "texture": "#1"},
				"west": {"uv": [6.25, 9, 6.875, 9.625], "texture": "#1"},
				"up": {"uv": [4.25, 5, 2.75, 4.375], "texture": "#1"},
				"down": {"uv": [4.25, 4.375, 2.75, 5], "texture": "#1"}
			}
		},
		{
			"from": [8.77375, -7.16478, 5],
			"to": [20.77375, -2.16478, 10],
			"rotation": {"angle": 0, "axis": "z", "origin": [16, -5, 8]},
			"faces": {
				"north": {"uv": [2.75, 4.375, 4.25, 5], "texture": "#1"},
				"east": {"uv": [6.25, 9, 6.875, 9.625], "texture": "#1"},
				"south": {"uv": [2.75, 4.375, 4.25, 5], "texture": "#1"},
				"west": {"uv": [6.25, 9, 6.875, 9.625], "texture": "#1"},
				"up": {"uv": [4.25, 5, 2.75, 4.375], "texture": "#1"},
				"down": {"uv": [4.25, 4.375, 2.75, 5], "texture": "#1"}
			}
		},
		{
			"from": [8.77375, -6.16478, 3],
			"to": [20.77375, -1.16478, 6],
			"rotation": {"angle": -45, "axis": "x", "origin": [16, -4, 4]},
			"faces": {
				"north": {"uv": [2.75, 4.375, 4.25, 5], "texture": "#1"},
				"east": {"uv": [7.25, 9, 7.625, 9.625], "texture": "#1"},
				"south": {"uv": [2.75, 4.375, 4.25, 5], "texture": "#1"},
				"west": {"uv": [7.25, 9, 7.625, 9.625], "texture": "#1"},
				"up": {"uv": [10.375, 6.5, 8.875, 6.125], "texture": "#1"},
				"down": {"uv": [10.375, 6.125, 8.875, 6.5], "texture": "#1"}
			}
		},
		{
			"from": [8.77375, -5.16478, 9],
			"to": [20.77375, -0.16478, 12],
			"rotation": {"angle": 45, "axis": "x", "origin": [16, -3, 10]},
			"faces": {
				"north": {"uv": [2.75, 4.375, 4.25, 5], "texture": "#1"},
				"east": {"uv": [7.25, 9, 7.625, 9.625], "texture": "#1"},
				"south": {"uv": [2.75, 4.375, 4.25, 5], "texture": "#1"},
				"west": {"uv": [7.25, 9, 7.625, 9.625], "texture": "#1"},
				"up": {"uv": [10.375, 6.5, 8.875, 6.125], "texture": "#1"},
				"down": {"uv": [10.375, 6.125, 8.875, 6.5], "texture": "#1"}
			}
		},
		{
			"from": [3.77375, -9.16478, 5],
			"to": [9.77375, -4.16478, 10],
			"rotation": {"angle": -45, "axis": "z", "origin": [11, -7, 8]},
			"faces": {
				"north": {"uv": [5.5, 9, 6.25, 9.625], "texture": "#1"},
				"east": {"uv": [6.25, 9, 6.875, 9.625], "texture": "#1"},
				"south": {"uv": [5.5, 9, 6.25, 9.625], "texture": "#1"},
				"west": {"uv": [6.25, 9, 6.875, 9.625], "texture": "#1"},
				"up": {"uv": [6.25, 9.625, 5.5, 9], "texture": "#1"},
				"down": {"uv": [6.25, 9, 5.5, 9.625], "texture": "#1"}
			}
		},
		{
			"from": [3.83522, -3.77375, 5],
			"to": [14.83522, 13.22625, 10],
			"rotation": {"angle": 22.5, "axis": "z", "origin": [6, -2, 8]},
			"faces": {
				"north": {"uv": [2.75, 7.5, 4.125, 9.625], "texture": "#1"},
				"east": {"uv": [8.25, 4.75, 8.875, 6.875], "texture": "#1"},
				"south": {"uv": [2.75, 7.5, 4.125, 9.625], "texture": "#1"},
				"west": {"uv": [8.25, 4.75, 8.875, 6.875], "texture": "#1"},
				"up": {"uv": [9.625, 7.5, 8.25, 6.875], "texture": "#1"},
				"down": {"uv": [9.625, 6.875, 8.25, 7.5], "texture": "#1"}
			}
		},
		{
			"from": [-1.16478, 4.22625, 0],
			"to": [8.83522, 11.22625, 5],
			"rotation": {"angle": -22.5, "axis": "y", "origin": [1, -2, 3]},
			"faces": {
				"north": {"uv": [8.875, 0, 10.125, 0.875], "texture": "#1"},
				"east": {"uv": [4.875, 9, 5.5, 9.875], "texture": "#1"},
				"south": {"uv": [8.875, 0, 10.125, 0.875], "texture": "#1"},
				"west": {"uv": [4.875, 9, 5.5, 9.875], "texture": "#1"},
				"up": {"uv": [10.125, 4.75, 8.875, 4.125], "texture": "#1"},
				"down": {"uv": [10.125, 4.125, 8.875, 4.75], "texture": "#1"}
			}
		},
		{
			"from": [-0.16478, 4.22625, 4],
			"to": [9.83522, 11.22625, 9],
			"rotation": {"angle": -45, "axis": "y", "origin": [2, -2, 7]},
			"faces": {
				"north": {"uv": [8.875, 0, 10.125, 0.875], "texture": "#1"},
				"east": {"uv": [4.875, 9, 5.5, 9.875], "texture": "#1"},
				"south": {"uv": [8.875, 0, 10.125, 0.875], "texture": "#1"},
				"west": {"uv": [4.875, 9, 5.5, 9.875], "texture": "#1"},
				"up": {"uv": [10.125, 4.75, 8.875, 4.125], "texture": "#1"},
				"down": {"uv": [10.125, 4.125, 8.875, 4.75], "texture": "#1"}
			}
		},
		{
			"from": [10.77375, 9.83522, 5],
			"to": [21.77375, 14.83522, 10],
			"rotation": {"angle": -22.5, "axis": "z", "origin": [17, 12, 8]},
			"faces": {
				"north": {"uv": [8.875, 2.75, 10.25, 3.375], "texture": "#1"},
				"east": {"uv": [6.25, 9, 6.875, 9.625], "texture": "#1"},
				"south": {"uv": [8.875, 2.75, 10.25, 3.375], "texture": "#1"},
				"west": {"uv": [6.25, 9, 6.875, 9.625], "texture": "#1"},
				"up": {"uv": [10.25, 3.375, 8.875, 2.75], "texture": "#1"},
				"down": {"uv": [10.25, 2.75, 8.875, 3.375], "texture": "#1"}
			}
		},
		{
			"from": [6.77375, 11.83522, 5],
			"to": [13.77375, 16.83522, 10],
			"rotation": {"angle": 0, "axis": "z", "origin": [9, 14, 8]},
			"faces": {
				"north": {"uv": [4.875, 9, 5.5, 9.875], "texture": "#1"},
				"east": {"uv": [6.25, 9, 6.875, 9.625], "texture": "#1"},
				"south": {"uv": [4.875, 9, 5.5, 9.875], "texture": "#1"},
				"west": {"uv": [6.25, 9, 6.875, 9.625], "texture": "#1"},
				"up": {"uv": [5.5, 9.875, 4.875, 9], "texture": "#1"},
				"down": {"uv": [5.5, 9, 4.875, 9.875], "texture": "#1"}
			}
		},
		{
			"from": [6.77375, 9.83522, 2],
			"to": [13.77375, 15.83522, 4],
			"rotation": {"angle": 22.5, "axis": "x", "origin": [9, 12, 5]},
			"faces": {
				"north": {"uv": [8.875, 4.75, 9.75, 5.5], "texture": "#1"},
				"east": {"uv": [7.625, 9, 7.875, 9.75], "texture": "#1"},
				"south": {"uv": [8.875, 4.75, 9.75, 5.5], "texture": "#1"},
				"west": {"uv": [7.625, 9, 7.875, 9.75], "texture": "#1"},
				"up": {"uv": [7.875, 5, 7, 4.75], "texture": "#1"},
				"down": {"uv": [7.875, 4.75, 7, 5], "texture": "#1"}
			}
		},
		{
			"from": [6.77375, 10.83522, 11],
			"to": [13.77375, 16.83522, 13],
			"rotation": {"angle": -22.5, "axis": "x", "origin": [9, 13, 14]},
			"faces": {
				"north": {"uv": [8.875, 4.75, 9.75, 5.5], "texture": "#1"},
				"east": {"uv": [7.625, 9, 7.875, 9.75], "texture": "#1"},
				"south": {"uv": [8.875, 4.75, 9.75, 5.5], "texture": "#1"},
				"west": {"uv": [7.625, 9, 7.875, 9.75], "texture": "#1"},
				"up": {"uv": [7.875, 5, 7, 4.75], "texture": "#1"},
				"down": {"uv": [7.875, 4.75, 7, 5], "texture": "#1"}
			}
		},
		{
			"from": [7.77375, -1.16478, 1],
			"to": [22.77375, 10.83522, 14],
			"rotation": {"angle": 0, "axis": "z", "origin": [14, 4, 8]},
			"faces": {
				"north": {"uv": [7, 3.25, 8.875, 4.75], "texture": "#1"},
				"east": {"uv": [6, 7.5, 7.625, 9], "texture": "#1"},
				"south": {"uv": [4.125, 7.5, 6, 9], "texture": "#1"},
				"west": {"uv": [7.625, 7.5, 9.25, 9], "texture": "#1"},
				"up": {"uv": [8.875, 1.625, 7, 0], "texture": "#1"},
				"down": {"uv": [8.875, 1.625, 7, 3.25], "texture": "#1"}
			}
		},
		{
			"from": [-1.22625, 9.83522, 3],
			"to": [9.77375, 14.83522, 8],
			"rotation": {"angle": 45, "axis": "z", "origin": [5, 12, 6]},
			"faces": {
				"north": {"uv": [8.875, 2.75, 10.25, 3.375], "texture": "#1"},
				"east": {"uv": [6.25, 9, 6.875, 9.625], "texture": "#1"},
				"south": {"uv": [8.875, 2.75, 10.25, 3.375], "texture": "#1"},
				"west": {"uv": [6.25, 9, 6.875, 9.625], "texture": "#1"},
				"up": {"uv": [10.25, 3.375, 8.875, 2.75], "texture": "#1"},
				"down": {"uv": [10.25, 2.75, 8.875, 3.375], "texture": "#1"}
			}
		},
		{
			"from": [-5.22625, 3.83522, 0],
			"to": [2.77375, 11.83522, 8],
			"rotation": {"angle": -22.5, "axis": "y", "origin": [-2, 6, 5]},
			"faces": {
				"north": {"uv": [8.875, 0.875, 9.875, 1.875], "texture": "#1"},
				"east": {"uv": [8.875, 0.875, 9.875, 1.875], "texture": "#1"},
				"south": {"uv": [8.875, 0.875, 9.875, 1.875], "texture": "#1"},
				"west": {"uv": [8.875, 0.875, 9.875, 1.875], "texture": "#1"},
				"up": {"uv": [9.875, 1.875, 8.875, 0.875], "texture": "#1"},
				"down": {"uv": [9.875, 0.875, 8.875, 1.875], "texture": "#1"}
			}
		},
		{
			"from": [-9.22625, 4.83522, 0],
			"to": [-0.22625, 10.83522, 6],
			"rotation": {"angle": -45, "axis": "y", "origin": [-4, 6, 3]},
			"faces": {
				"north": {"uv": [8.875, 3.375, 10, 4.125], "texture": "#1"},
				"east": {"uv": [4.125, 9, 4.875, 9.75], "texture": "#1"},
				"south": {"uv": [8.875, 3.375, 10, 4.125], "texture": "#1"},
				"west": {"uv": [4.125, 9, 4.875, 9.75], "texture": "#1"},
				"up": {"uv": [10, 4.125, 8.875, 3.375], "texture": "#1"},
				"down": {"uv": [10, 3.375, 8.875, 4.125], "texture": "#1"}
			}
		},
		{
			"from": [-9, -12.22625, -16],
			"to": [-9, 22.77375, 1.16478],
			"rotation": {"angle": 22.5, "axis": "y", "origin": [-9, 2, -4]},
			"faces": {
				"north": {"uv": [0, 0, 0, 4.375], "texture": "#1"},
				"east": {"uv": [16, 11, 13.875, 15.375], "texture": "#1"},
				"south": {"uv": [0, 0, 0, 4.375], "texture": "#1"},
				"west": {"uv": [2.125, 0, 4.25, 4.375], "texture": "#1"},
				"up": {"uv": [0, 2.125, 0, 0], "texture": "#1"},
				"down": {"uv": [0, 0, 0, 2.125], "texture": "#1"}
			}
		},
		{
			"from": [1, 11.77375, 8],
			"to": [23.16478, 31.77375, 8],
			"rotation": {"angle": 0, "axis": "z", "origin": [16, 13, 8]},
			"faces": {
				"north": {"uv": [4.25, 0, 7, 2.5], "texture": "#1"},
				"east": {"uv": [0, 0, 0, 2.5], "texture": "#1"},
				"south": {"uv": [4.25, 2.5, 7, 5], "texture": "#1"},
				"west": {"uv": [0, 0, 0, 2.5], "texture": "#1"},
				"up": {"uv": [2.75, 0, 0, 0], "texture": "#1"},
				"down": {"uv": [2.75, 0, 0, 0], "texture": "#1"}
			}
		},
		{
			"from": [3, -12.22625, 20],
			"to": [25.16478, 7.77375, 20],
			"rotation": {"angle": -22.5, "axis": "x", "origin": [18, -11, 20]},
			"faces": {
				"north": {"uv": [0, 4.375, 2.75, 6.875], "texture": "#1"},
				"east": {"uv": [0, 0, 0, 2.5], "texture": "#1"},
				"south": {"uv": [2.75, 5, 5.5, 7.5], "texture": "#1"},
				"west": {"uv": [0, 0, 0, 2.5], "texture": "#1"},
				"up": {"uv": [2.75, 0, 0, 0], "texture": "#1"},
				"down": {"uv": [2.75, 0, 0, 0], "texture": "#1"}
			}
		},
		{
			"from": [3, -12.22625, -5],
			"to": [25.16478, 7.77375, -5],
			"rotation": {"angle": 22.5, "axis": "x", "origin": [18, -11, -5]},
			"faces": {
				"north": {"uv": [5.5, 5, 8.25, 7.5], "texture": "#1"},
				"east": {"uv": [0, 0, 0, 2.5], "texture": "#1"},
				"south": {"uv": [0, 6.875, 2.75, 9.375], "texture": "#1"},
				"west": {"uv": [0, 0, 0, 2.5], "texture": "#1"},
				"up": {"uv": [2.75, 0, 0, 0], "texture": "#1"},
				"down": {"uv": [2.75, 0, 0, 0], "texture": "#1"}
			}
		}
	],
	"display": {
		"head": {
			"rotation": [165, -4, -180],
			"translation": [2.5, -2.75, -37.5],
			"scale": [1.64649, 1.70117, 1.76562]
		}
	}
}