{
	"credit": "Made with Blockbench",
	"parent": "diamond_sword",
	"texture_size": [64, 64],
	"textures": {
		"6": "./sc"
	},
	"elements": [
		{
			"from": [7, -9, 7],
			"to": [9, -7, 10],
			"rotation": {"angle": 0, "axis": "y", "origin": [7, -9, 8]},
			"faces": {
				"north": {"uv": [8.5, 1, 9, 1.5], "texture": "#6"},
				"east": {"uv": [2.5, 8.25, 3.25, 8.75], "texture": "#6"},
				"south": {"uv": [8.75, 1.5, 9.25, 2], "texture": "#6"},
				"west": {"uv": [8.25, 3, 9, 3.5], "texture": "#6"},
				"up": {"uv": [8.75, 4.25, 8.25, 3.5], "texture": "#6"},
				"down": {"uv": [8.75, 5.25, 8.25, 6], "texture": "#6"}
			}
		},
		{
			"from": [7, -7, 7],
			"to": [9, 2, 10],
			"rotation": {"angle": 0, "axis": "y", "origin": [7, -1, 8]},
			"faces": {
				"north": {"uv": [5, 7.25, 5.5, 9.5], "texture": "#6"},
				"east": {"uv": [6.5, 4, 7.25, 6.25], "texture": "#6"},
				"south": {"uv": [5.5, 7.25, 6, 9.5], "texture": "#6"},
				"west": {"uv": [6.5, 6.25, 7.25, 8.5], "texture": "#6"},
				"up": {"uv": [8.75, 6.75, 8.25, 6], "texture": "#6"},
				"down": {"uv": [8.25, 8.25, 7.75, 9], "texture": "#6"}
			}
		},
		{
			"from": [4, 2, 3],
			"to": [12, 2, 14],
			"rotation": {"angle": 0, "axis": "y", "origin": [7, 5, 8]},
			"faces": {
				"north": {"uv": [0, 0, 2, 0], "texture": "#6"},
				"east": {"uv": [0, 0, 2.75, 0], "texture": "#6"},
				"south": {"uv": [0, 0, 2, 0], "texture": "#6"},
				"west": {"uv": [0, 0, 2.75, 0], "texture": "#6"},
				"up": {"uv": [2, 2.75, 0, 0], "texture": "#6"},
				"down": {"uv": [4, 0, 2, 2.75], "texture": "#6"}
			}
		},
		{
			"from": [7, 2, 8],
			"to": [9, 5, 9],
			"rotation": {"angle": 0, "axis": "y", "origin": [7, 10, 8]},
			"faces": {
				"north": {"uv": [8.25, 8.25, 8.75, 9], "texture": "#6"},
				"east": {"uv": [8.75, 7.5, 9, 8.25], "texture": "#6"},
				"south": {"uv": [6, 8.5, 6.5, 9.25], "texture": "#6"},
				"west": {"uv": [8.75, 8.25, 9, 9], "texture": "#6"},
				"up": {"uv": [6, 4.75, 5.5, 4.5], "texture": "#6"},
				"down": {"uv": [6.5, 4.5, 6, 4.75], "texture": "#6"}
			}
		},
		{
			"from": [7, 5, 7],
			"to": [9, 31, 10],
			"rotation": {"angle": 0, "axis": "y", "origin": [7, 10, 8]},
			"faces": {
				"north": {"uv": [1.5, 2.75, 2, 9.25], "texture": "#6"},
				"east": {"uv": [0, 2.75, 0.75, 9.25], "texture": "#6"},
				"south": {"uv": [2, 2.75, 2.5, 9.25], "texture": "#6"},
				"west": {"uv": [0.75, 2.75, 1.5, 9.25], "texture": "#6"},
				"up": {"uv": [7, 9.25, 6.5, 8.5], "texture": "#6"},
				"down": {"uv": [9, 6.75, 8.5, 7.5], "texture": "#6"}
			}
		},
		{
			"from": [12, 2, 11],
			"to": [12, 4, 16],
			"rotation": {"angle": 0, "axis": "y", "origin": [6, 2, 12]},
			"faces": {
				"north": {"uv": [0, 0, 0, 0.5], "texture": "#6"},
				"east": {"uv": [7.25, 6.75, 8.5, 7.25], "texture": "#6"},
				"south": {"uv": [0, 0, 0, 0.5], "texture": "#6"},
				"west": {"uv": [7.25, 7.25, 8.5, 7.75], "texture": "#6"},
				"up": {"uv": [0, 1.25, 0, 0], "texture": "#6"},
				"down": {"uv": [0, 0, 0, 1.25], "texture": "#6"}
			}
		},
		{
			"from": [11, 3, 8],
			"to": [13, 5, 19],
			"rotation": {"angle": 0, "axis": "y", "origin": [13, 3, 13]},
			"faces": {
				"north": {"uv": [8.75, 2.5, 9.25, 3], "texture": "#6"},
				"east": {"uv": [7, 0, 9.75, 0.5], "texture": "#6"},
				"south": {"uv": [3, 8.75, 3.5, 9.25], "texture": "#6"},
				"west": {"uv": [7, 0.5, 9.75, 1], "texture": "#6"},
				"up": {"uv": [7.75, 6.75, 7.25, 4], "texture": "#6"},
				"down": {"uv": [5, 7.25, 4.5, 10], "texture": "#6"}
			}
		},
		{
			"from": [12, 2, -4],
			"to": [12, 6, 8],
			"rotation": {"angle": 0, "axis": "y", "origin": [11, 6, 3]},
			"faces": {
				"north": {"uv": [0, 0, 0, 1], "texture": "#6"},
				"east": {"uv": [2.5, 2.75, 5.5, 3.75], "texture": "#6"},
				"south": {"uv": [0, 0, 0, 1], "texture": "#6"},
				"west": {"uv": [2.5, 3.75, 5.5, 4.75], "texture": "#6"},
				"up": {"uv": [0, 2, 0, 0], "texture": "#6"},
				"down": {"uv": [0, 0, 0, 2], "texture": "#6"}
			}
		},
		{
			"from": [2, 3, 2],
			"to": [4, 5, 13],
			"rotation": {"angle": 0, "axis": "z", "origin": [2, 3, 8]},
			"faces": {
				"north": {"uv": [8.75, 2, 9.25, 2.5], "texture": "#6"},
				"east": {"uv": [6, 1.5, 8.75, 2], "texture": "#6"},
				"south": {"uv": [2.5, 8.75, 3, 9.25], "texture": "#6"},
				"west": {"uv": [3.5, 6.75, 6.25, 7.25], "texture": "#6"},
				"up": {"uv": [4, 10, 3.5, 7.25], "texture": "#6"},
				"down": {"uv": [4.5, 7.25, 4, 10], "texture": "#6"}
			}
		},
		{
			"from": [3, 1, 2],
			"to": [3, 5, 10],
			"rotation": {"angle": 0, "axis": "y", "origin": [4, 1, 5]},
			"faces": {
				"north": {"uv": [0, 0, 0, 1], "texture": "#6"},
				"east": {"uv": [2.5, 4.75, 4.5, 5.75], "texture": "#6"},
				"south": {"uv": [0, 0, 0, 1], "texture": "#6"},
				"west": {"uv": [4.5, 4.75, 6.5, 5.75], "texture": "#6"},
				"up": {"uv": [0, 2, 0, 0], "texture": "#6"},
				"down": {"uv": [0, 0, 0, 2], "texture": "#6"}
			}
		},
		{
			"from": [3, 2, 13],
			"to": [3, 6, 21],
			"rotation": {"angle": 0, "axis": "y", "origin": [2, 2, 18]},
			"faces": {
				"north": {"uv": [0, 0, 0, 1], "texture": "#6"},
				"east": {"uv": [4, 0, 6, 1], "texture": "#6"},
				"south": {"uv": [0, 0, 0, 1], "texture": "#6"},
				"west": {"uv": [4, 1, 6, 2], "texture": "#6"},
				"up": {"uv": [0, 2, 0, 0], "texture": "#6"},
				"down": {"uv": [0, 0, 0, 2], "texture": "#6"}
			}
		},
		{
			"from": [4, 2, -3],
			"to": [12, 6, -3],
			"rotation": {"angle": 0, "axis": "y", "origin": [9, 2, -2]},
			"faces": {
				"north": {"uv": [5.5, 2, 7.5, 3], "texture": "#6"},
				"east": {"uv": [0, 0, 0, 1], "texture": "#6"},
				"south": {"uv": [5.5, 3, 7.5, 4], "texture": "#6"},
				"west": {"uv": [0, 0, 0, 1], "texture": "#6"},
				"up": {"uv": [0, 2, 0, 0], "texture": "#6"},
				"down": {"uv": [0, 0, 0, 2], "texture": "#6"}
			}
		},
		{
			"from": [-3, 3, -3],
			"to": [5, 7, -3],
			"rotation": {"angle": 0, "axis": "y", "origin": [0, 3, -4]},
			"faces": {
				"north": {"uv": [2.5, 5.75, 4.5, 6.75], "texture": "#6"},
				"east": {"uv": [0, 0, 0, 1], "texture": "#6"},
				"south": {"uv": [4.5, 5.75, 6.5, 6.75], "texture": "#6"},
				"west": {"uv": [0, 0, 0, 1], "texture": "#6"},
				"up": {"uv": [0, 2, 0, 0], "texture": "#6"},
				"down": {"uv": [0, 0, 0, 2], "texture": "#6"}
			}
		},
		{
			"from": [5, 4, -6],
			"to": [9, 6, 0],
			"rotation": {"angle": 0, "axis": "y", "origin": [7, 4, -5]},
			"faces": {
				"north": {"uv": [5.5, 4, 6.5, 4.5], "texture": "#6"},
				"east": {"uv": [4, 2, 5.5, 2.5], "texture": "#6"},
				"south": {"uv": [7.75, 7.75, 8.75, 8.25], "texture": "#6"},
				"west": {"uv": [7, 1, 8.5, 1.5], "texture": "#6"},
				"up": {"uv": [7, 1.5, 6, 0], "texture": "#6"},
				"down": {"uv": [3.5, 6.75, 2.5, 8.25], "texture": "#6"}
			}
		},
		{
			"from": [8, 3, -9],
			"to": [10, 5, -4],
			"rotation": {"angle": 0, "axis": "y", "origin": [8, 3, -10]},
			"faces": {
				"north": {"uv": [8.75, 3.5, 9.25, 4], "texture": "#6"},
				"east": {"uv": [7.5, 2, 8.75, 2.5], "texture": "#6"},
				"south": {"uv": [8.75, 5.25, 9.25, 5.75], "texture": "#6"},
				"west": {"uv": [7.5, 2.5, 8.75, 3], "texture": "#6"},
				"up": {"uv": [6.5, 8.5, 6, 7.25], "texture": "#6"},
				"down": {"uv": [8.25, 3, 7.75, 4.25], "texture": "#6"}
			}
		},
		{
			"from": [8, 3, -2],
			"to": [10, 5, 3],
			"rotation": {"angle": 0, "axis": "y", "origin": [8, 3, -3]},
			"faces": {
				"north": {"uv": [8.75, 5.75, 9.25, 6.25], "texture": "#6"},
				"east": {"uv": [7.75, 4.25, 9, 4.75], "texture": "#6"},
				"south": {"uv": [8.75, 6.25, 9.25, 6.75], "texture": "#6"},
				"west": {"uv": [7.75, 4.75, 9, 5.25], "texture": "#6"},
				"up": {"uv": [8.25, 6.5, 7.75, 5.25], "texture": "#6"},
				"down": {"uv": [7.75, 7.75, 7.25, 9], "texture": "#6"}
			}
		},
		{
			"from": [5, 3, 13],
			"to": [6, 4, 16],
			"rotation": {"angle": 0, "axis": "y", "origin": [4, 3, 13]},
			"faces": {
				"north": {"uv": [6.25, 6.75, 6.5, 7], "texture": "#6"},
				"east": {"uv": [4, 2.5, 4.75, 2.75], "texture": "#6"},
				"south": {"uv": [6.25, 7, 6.5, 7.25], "texture": "#6"},
				"west": {"uv": [4.75, 2.5, 5.5, 2.75], "texture": "#6"},
				"up": {"uv": [7.75, 3.75, 7.5, 3], "texture": "#6"},
				"down": {"uv": [7.25, 8.5, 7, 9.25], "texture": "#6"}
			}
		},
		{
			"from": [2, 3, -2],
			"to": [3, 4, 1],
			"rotation": {"angle": 0, "axis": "y", "origin": [1, 3, -2]},
			"faces": {
				"north": {"uv": [6.25, 6.75, 6.5, 7], "texture": "#6"},
				"east": {"uv": [4, 2.5, 4.75, 2.75], "texture": "#6"},
				"south": {"uv": [6.25, 7, 6.5, 7.25], "texture": "#6"},
				"west": {"uv": [4.75, 2.5, 5.5, 2.75], "texture": "#6"},
				"up": {"uv": [7.75, 3.75, 7.5, 3], "texture": "#6"},
				"down": {"uv": [7.25, 8.5, 7, 9.25], "texture": "#6"}
			}
		},
		{
			"from": [7, 4, 16],
			"to": [8, 5, 19],
			"rotation": {"angle": 0, "axis": "y", "origin": [6, 4, 16]},
			"faces": {
				"north": {"uv": [6.25, 6.75, 6.5, 7], "texture": "#6"},
				"east": {"uv": [4, 2.5, 4.75, 2.75], "texture": "#6"},
				"south": {"uv": [6.25, 7, 6.5, 7.25], "texture": "#6"},
				"west": {"uv": [4.75, 2.5, 5.5, 2.75], "texture": "#6"},
				"up": {"uv": [7.75, 3.75, 7.5, 3], "texture": "#6"},
				"down": {"uv": [7.25, 8.5, 7, 9.25], "texture": "#6"}
			}
		},
		{
			"from": [12, 4, -1],
			"to": [13, 5, 2],
			"rotation": {"angle": 0, "axis": "y", "origin": [11, 4, -1]},
			"faces": {
				"north": {"uv": [6.25, 6.75, 6.5, 7], "texture": "#6"},
				"east": {"uv": [4, 2.5, 4.75, 2.75], "texture": "#6"},
				"south": {"uv": [6.25, 7, 6.5, 7.25], "texture": "#6"},
				"west": {"uv": [4.75, 2.5, 5.5, 2.75], "texture": "#6"},
				"up": {"uv": [7.75, 3.75, 7.5, 3], "texture": "#6"},
				"down": {"uv": [7.25, 8.5, 7, 9.25], "texture": "#6"}
			}
		},
		{
			"from": [11, 3, -5],
			"to": [12, 4, -2],
			"rotation": {"angle": 0, "axis": "y", "origin": [10, 3, -5]},
			"faces": {
				"north": {"uv": [6.25, 6.75, 6.5, 7], "texture": "#6"},
				"east": {"uv": [4, 2.5, 4.75, 2.75], "texture": "#6"},
				"south": {"uv": [6.25, 7, 6.5, 7.25], "texture": "#6"},
				"west": {"uv": [4.75, 2.5, 5.5, 2.75], "texture": "#6"},
				"up": {"uv": [7.75, 3.75, 7.5, 3], "texture": "#6"},
				"down": {"uv": [7.25, 8.5, 7, 9.25], "texture": "#6"}
			}
		}
	],
	"display": {
		"thirdperson_righthand": {
			"rotation": [-48.81, 72.55, -102.51],
			"translation": [-0.25, 2, 0.75],
			"scale": [0.77539, 0.83203, 0.3125]
		},
		"thirdperson_lefthand": {
			"rotation": [-48.81, 72.55, -102.51],
			"translation": [-0.25, 2, 0.75],
			"scale": [0.77539, 0.83203, 0.3125]
		},
		"firstperson_righthand": {
			"rotation": [-157.14, 64.46, -13.96],
			"translation": [-0.25, 3, -5.25],
			"scale": [0.89062, 0.76758, 0.30274]
		},
		"firstperson_lefthand": {
			"rotation": [-2.83, 55.54, -176.39],
			"translation": [5, 2, -5.25],
			"scale": [0.89062, 0.76758, 0.30274]
		},
		"ground": {
			"rotation": [178.73, 12.55, -2.32],
			"translation": [0, 16.25, 0],
			"scale": [1, 1, 0.29883]
		},
		"gui": {
			"rotation": [0, 0, 138],
			"scale": [0.5, 0.58789, 1]
		},
		"fixed": {
			"rotation": [0, 0, -87.75],
			"translation": [-2, 0, 0],
			"scale": [1.67188, 2.07031, 0.69531]
		}
	},
	"groups": [
		{
			"name": "group",
			"origin": [7, 0, 8],
			"color": 0,
			"children": [0]
		},
		{
			"name": "group",
			"origin": [7, 0, 8],
			"color": 0,
			"children": []
		},
		{
			"name": "group",
			"origin": [7, 0, 8],
			"color": 0,
			"children": []
		},
		{
			"name": "group",
			"origin": [7, 0, 8],
			"color": 0,
			"children": []
		},
		{
			"name": "group",
			"origin": [7, 0, 8],
			"color": 0,
			"children": [1]
		},
		{
			"name": "group",
			"origin": [7, 10, 8],
			"color": 0,
			"children": [2]
		},
		{
			"name": "group",
			"origin": [7, 10, 8],
			"color": 0,
			"children": [
				3,
				4,
				{
					"name": "group2",
					"origin": [7, 10, 8],
					"color": 0,
					"children": [5, 6, 7]
				},
				{
					"name": "group1",
					"origin": [7, 10, 8],
					"color": 0,
					"children": [8, 9, 10]
				},
				{
					"name": "group1",
					"origin": [7, 10, 8],
					"color": 0,
					"children": [11, 12, 13, 14, 15]
				}
			]
		},
		{
			"name": "group",
			"origin": [8, 8, 8],
			"color": 0,
			"children": [16, 17, 18, 19, 20]
		}
	]
}