{
	"credit": "Made with Blockbench",
	"texture_size": [128, 128],
	"textures": {
		"4": "./shibox",
		"particle": "./box"
	},
	"elements": [
		{
			"from": [2, 0, -14],
			"to": [16, 13, 30],
			"faces": {
				"north": {"uv": [0, 5.5, 1.75, 7.125], "texture": "#4"},
				"east": {"uv": [3.5, 0, 9, 1.625], "texture": "#4"},
				"south": {"uv": [1.75, 5.5, 3.5, 7.125], "texture": "#4"},
				"west": {"uv": [3.5, 1.625, 9, 3.25], "texture": "#4"},
				"up": {"uv": [1.75, 5.5, 0, 0], "texture": "#4"},
				"down": {"uv": [3.5, 0, 1.75, 5.5], "texture": "#4"}
			}
		},
		{
			"from": [1, 6, 5],
			"to": [2, 12, 11],
			"rotation": {"angle": 0, "axis": "y", "origin": [0, 6, 5]},
			"faces": {
				"north": {"uv": [7.875, 9.75, 8, 10.5], "texture": "#4"},
				"east": {"uv": [9.5, 5.25, 10.25, 6], "texture": "#4"},
				"south": {"uv": [8, 9.75, 8.125, 10.5], "texture": "#4"},
				"west": {"uv": [9.5, 6, 10.25, 6.75], "texture": "#4"},
				"up": {"uv": [1.125, 10.875, 1, 10.125], "texture": "#4"},
				"down": {"uv": [1.25, 10.125, 1.125, 10.875], "texture": "#4"}
			}
		},
		{
			"from": [2, 13, -1],
			"to": [16, 14, 17],
			"rotation": {"angle": 0, "axis": "y", "origin": [4, 13, 0]},
			"faces": {
				"north": {"uv": [7, 5.375, 8.75, 5.5], "texture": "#4"},
				"east": {"uv": [9, 3.125, 11.25, 3.25], "texture": "#4"},
				"south": {"uv": [9.5, 9.25, 11.25, 9.375], "texture": "#4"},
				"west": {"uv": [9.5, 2, 11.75, 2.125], "texture": "#4"},
				"up": {"uv": [5.25, 5.5, 3.5, 3.25], "texture": "#4"},
				"down": {"uv": [7, 3.25, 5.25, 5.5], "texture": "#4"}
			}
		},
		{
			"from": [-2, -2, -13],
			"to": [2, 15, -9],
			"rotation": {"angle": 22.5, "axis": "x", "origin": [0, -2, -9]},
			"faces": {
				"north": {"uv": [7, 3.25, 7.5, 5.375], "texture": "#4"},
				"east": {"uv": [3.5, 7, 4, 9.125], "texture": "#4"},
				"south": {"uv": [4, 7, 4.5, 9.125], "texture": "#4"},
				"west": {"uv": [4.5, 7, 5, 9.125], "texture": "#4"},
				"up": {"uv": [10, 8.75, 9.5, 8.25], "texture": "#4"},
				"down": {"uv": [9.25, 9.5, 8.75, 10], "texture": "#4"}
			}
		},
		{
			"from": [16, -2, -13],
			"to": [20, 15, -9],
			"rotation": {"angle": 22.5, "axis": "x", "origin": [18, -2, -9]},
			"faces": {
				"north": {"uv": [1.5, 7.125, 2, 9.25], "texture": "#4"},
				"east": {"uv": [2, 7.125, 2.5, 9.25], "texture": "#4"},
				"south": {"uv": [2.5, 7.125, 3, 9.25], "texture": "#4"},
				"west": {"uv": [3, 7.125, 3.5, 9.25], "texture": "#4"},
				"up": {"uv": [10.125, 4.75, 9.625, 4.25], "texture": "#4"},
				"down": {"uv": [5, 9.625, 4.5, 10.125], "texture": "#4"}
			}
		},
		{
			"from": [0, -2, -13],
			"to": [17, 0, -9],
			"rotation": {"angle": 0, "axis": "z", "origin": [0, -2, -9]},
			"faces": {
				"north": {"uv": [9.5, 6.75, 11.625, 7], "texture": "#4"},
				"east": {"uv": [7.375, 9.75, 7.875, 10], "texture": "#4"},
				"south": {"uv": [9.5, 7, 11.625, 7.25], "texture": "#4"},
				"west": {"uv": [7.375, 10, 7.875, 10.25], "texture": "#4"},
				"up": {"uv": [9, 6, 6.875, 5.5], "texture": "#4"},
				"down": {"uv": [9, 6, 6.875, 6.5], "texture": "#4"}
			}
		},
		{
			"from": [0, -2, 18],
			"to": [17, 0, 22],
			"rotation": {"angle": 0, "axis": "z", "origin": [0, -2, 22]},
			"faces": {
				"north": {"uv": [9.5, 7.75, 11.625, 8], "texture": "#4"},
				"east": {"uv": [0, 10.125, 0.5, 10.375], "texture": "#4"},
				"south": {"uv": [9.5, 8, 11.625, 8.25], "texture": "#4"},
				"west": {"uv": [0.5, 10.125, 1, 10.375], "texture": "#4"},
				"up": {"uv": [6.625, 9.625, 4.5, 9.125], "texture": "#4"},
				"down": {"uv": [8.75, 9.125, 6.625, 9.625], "texture": "#4"}
			}
		},
		{
			"from": [0, 14, 9],
			"to": [17, 16, 13],
			"rotation": {"angle": 0, "axis": "z", "origin": [0, 16, 13]},
			"faces": {
				"north": {"uv": [9.5, 7.25, 11.625, 7.5], "texture": "#4"},
				"east": {"uv": [10, 8.75, 10.5, 9], "texture": "#4"},
				"south": {"uv": [9.5, 7.5, 11.625, 7.75], "texture": "#4"},
				"west": {"uv": [10, 9, 10.5, 9.25], "texture": "#4"},
				"up": {"uv": [9.625, 4.75, 7.5, 4.25], "texture": "#4"},
				"down": {"uv": [9.625, 4.75, 7.5, 5.25], "texture": "#4"}
			}
		},
		{
			"from": [-1, -2, -2],
			"to": [21, 0, 2],
			"rotation": {"angle": 45, "axis": "y", "origin": [4, -2, 2]},
			"faces": {
				"north": {"uv": [9.5, 1.5, 12.25, 1.75], "texture": "#4"},
				"east": {"uv": [10, 8.5, 10.5, 8.75], "texture": "#4"},
				"south": {"uv": [9.5, 1.75, 12.25, 2], "texture": "#4"},
				"west": {"uv": [8.75, 10, 9.25, 10.25], "texture": "#4"},
				"up": {"uv": [6.25, 7, 3.5, 6.5], "texture": "#4"},
				"down": {"uv": [9, 6.5, 6.25, 7], "texture": "#4"}
			}
		},
		{
			"from": [-1, -2, 15],
			"to": [26, 0, 19],
			"rotation": {"angle": 45, "axis": "y", "origin": [4, -2, 19]},
			"faces": {
				"north": {"uv": [0, 9.25, 3.375, 9.5], "texture": "#4"},
				"east": {"uv": [9.25, 10, 9.75, 10.25], "texture": "#4"},
				"south": {"uv": [0, 9.5, 3.375, 9.75], "texture": "#4"},
				"west": {"uv": [9.75, 10, 10.25, 10.25], "texture": "#4"},
				"up": {"uv": [6.875, 6, 3.5, 5.5], "texture": "#4"},
				"down": {"uv": [6.875, 6, 3.5, 6.5], "texture": "#4"}
			}
		},
		{
			"from": [0, 13, -6],
			"to": [17, 16, -2],
			"rotation": {"angle": 0, "axis": "z", "origin": [0, 15, -2]},
			"faces": {
				"north": {"uv": [9.5, 0, 11.625, 0.375], "texture": "#4"},
				"east": {"uv": [1.5, 9.75, 2, 10.125], "texture": "#4"},
				"south": {"uv": [9.5, 0.375, 11.625, 0.75], "texture": "#4"},
				"west": {"uv": [2, 9.75, 2.5, 10.125], "texture": "#4"},
				"up": {"uv": [9.625, 3.75, 7.5, 3.25], "texture": "#4"},
				"down": {"uv": [9.625, 3.75, 7.5, 4.25], "texture": "#4"}
			}
		},
		{
			"from": [0, 13, 25],
			"to": [17, 16, 29],
			"rotation": {"angle": 0, "axis": "z", "origin": [0, 15, 29]},
			"faces": {
				"north": {"uv": [9.5, 0.75, 11.625, 1.125], "texture": "#4"},
				"east": {"uv": [2.5, 9.75, 3, 10.125], "texture": "#4"},
				"south": {"uv": [9.5, 1.125, 11.625, 1.5], "texture": "#4"},
				"west": {"uv": [6.625, 9.75, 7.125, 10.125], "texture": "#4"},
				"up": {"uv": [11.125, 2.625, 9, 2.125], "texture": "#4"},
				"down": {"uv": [11.125, 2.625, 9, 3.125], "texture": "#4"}
			}
		},
		{
			"from": [-2, -2, 2],
			"to": [2, 15, 6],
			"rotation": {"angle": 22.5, "axis": "x", "origin": [0, -2, 6]},
			"faces": {
				"north": {"uv": [5, 7, 5.5, 9.125], "texture": "#4"},
				"east": {"uv": [5.5, 7, 6, 9.125], "texture": "#4"},
				"south": {"uv": [6, 7, 6.5, 9.125], "texture": "#4"},
				"west": {"uv": [6.5, 7, 7, 9.125], "texture": "#4"},
				"up": {"uv": [10, 9.25, 9.5, 8.75], "texture": "#4"},
				"down": {"uv": [9.75, 9.5, 9.25, 10], "texture": "#4"}
			}
		},
		{
			"from": [16, -2, 2],
			"to": [20, 15, 6],
			"rotation": {"angle": 22.5, "axis": "x", "origin": [18, -2, 6]},
			"faces": {
				"north": {"uv": [7.5, 7, 8, 9.125], "texture": "#4"},
				"east": {"uv": [8, 7, 8.5, 9.125], "texture": "#4"},
				"south": {"uv": [8.5, 7, 9, 9.125], "texture": "#4"},
				"west": {"uv": [9, 0, 9.5, 2.125], "texture": "#4"},
				"up": {"uv": [10.125, 5.25, 9.625, 4.75], "texture": "#4"},
				"down": {"uv": [5.5, 9.625, 5, 10.125], "texture": "#4"}
			}
		},
		{
			"from": [-2, -2, 18],
			"to": [2, 15, 22],
			"rotation": {"angle": 22.5, "axis": "x", "origin": [0, -2, 22]},
			"faces": {
				"north": {"uv": [7, 7, 7.5, 9.125], "texture": "#4"},
				"east": {"uv": [0, 7.125, 0.5, 9.25], "texture": "#4"},
				"south": {"uv": [0.5, 7.125, 1, 9.25], "texture": "#4"},
				"west": {"uv": [1, 7.125, 1.5, 9.25], "texture": "#4"},
				"up": {"uv": [10.125, 3.75, 9.625, 3.25], "texture": "#4"},
				"down": {"uv": [10.125, 3.75, 9.625, 4.25], "texture": "#4"}
			}
		},
		{
			"from": [0, 11, 11],
			"to": [1, 12, 23],
			"rotation": {"angle": 22.5, "axis": "x", "origin": [0, 12, 12]},
			"faces": {
				"north": {"uv": [8.75, 9.375, 8.875, 9.5], "texture": "#4"},
				"east": {"uv": [9.75, 9.5, 11.25, 9.625], "texture": "#4"},
				"south": {"uv": [8.875, 9.375, 9, 9.5], "texture": "#4"},
				"west": {"uv": [9.75, 9.625, 11.25, 9.75], "texture": "#4"},
				"up": {"uv": [8.5, 11.125, 8.375, 9.625], "texture": "#4"},
				"down": {"uv": [8.625, 9.625, 8.5, 11.125], "texture": "#4"}
			}
		},
		{
			"from": [0, 8, 10],
			"to": [1, 9, 22],
			"rotation": {"angle": 22.5, "axis": "x", "origin": [0, 9, 11]},
			"faces": {
				"north": {"uv": [1.25, 10.125, 1.375, 10.25], "texture": "#4"},
				"east": {"uv": [9.75, 9.75, 11.25, 9.875], "texture": "#4"},
				"south": {"uv": [1.375, 10.125, 1.5, 10.25], "texture": "#4"},
				"west": {"uv": [0, 9.875, 1.5, 10], "texture": "#4"},
				"up": {"uv": [8.75, 11.125, 8.625, 9.625], "texture": "#4"},
				"down": {"uv": [3.125, 9.75, 3, 11.25], "texture": "#4"}
			}
		},
		{
			"from": [0, 5, 9],
			"to": [1, 6, 21],
			"rotation": {"angle": 22.5, "axis": "x", "origin": [0, 6, 10]},
			"faces": {
				"north": {"uv": [1.5, 10.125, 1.625, 10.25], "texture": "#4"},
				"east": {"uv": [9.75, 9.875, 11.25, 10], "texture": "#4"},
				"south": {"uv": [1.625, 10.125, 1.75, 10.25], "texture": "#4"},
				"west": {"uv": [0, 10, 1.5, 10.125], "texture": "#4"},
				"up": {"uv": [3.25, 11.25, 3.125, 9.75], "texture": "#4"},
				"down": {"uv": [3.375, 9.75, 3.25, 11.25], "texture": "#4"}
			}
		},
		{
			"from": [0, 11, -4],
			"to": [1, 12, 7],
			"rotation": {"angle": 22.5, "axis": "x", "origin": [0, 12, -4]},
			"faces": {
				"north": {"uv": [8.75, 5.375, 8.875, 5.5], "texture": "#4"},
				"east": {"uv": [10, 8.25, 11.375, 8.375], "texture": "#4"},
				"south": {"uv": [8.875, 5.375, 9, 5.5], "texture": "#4"},
				"west": {"uv": [10, 8.375, 11.375, 8.5], "texture": "#4"},
				"up": {"uv": [7.25, 11.125, 7.125, 9.75], "texture": "#4"},
				"down": {"uv": [7.375, 9.75, 7.25, 11.125], "texture": "#4"}
			}
		},
		{
			"from": [0, 8, -6],
			"to": [1, 9, 6],
			"rotation": {"angle": 22.5, "axis": "x", "origin": [0, 9, -5]},
			"faces": {
				"north": {"uv": [8.75, 9.125, 8.875, 9.25], "texture": "#4"},
				"east": {"uv": [7.5, 5.25, 9, 5.375], "texture": "#4"},
				"south": {"uv": [8.875, 9.125, 9, 9.25], "texture": "#4"},
				"west": {"uv": [9.5, 9.375, 11, 9.5], "texture": "#4"},
				"up": {"uv": [3.5, 10.75, 3.375, 9.25], "texture": "#4"},
				"down": {"uv": [6.625, 9.625, 6.5, 11.125], "texture": "#4"}
			}
		},
		{
			"from": [0, 5, -7],
			"to": [1, 6, 5],
			"rotation": {"angle": 22.5, "axis": "x", "origin": [0, 6, -6]},
			"faces": {
				"north": {"uv": [8.75, 9.25, 8.875, 9.375], "texture": "#4"},
				"east": {"uv": [6.625, 9.625, 8.125, 9.75], "texture": "#4"},
				"south": {"uv": [8.875, 9.25, 9, 9.375], "texture": "#4"},
				"west": {"uv": [0, 9.75, 1.5, 9.875], "texture": "#4"},
				"up": {"uv": [8.25, 11.125, 8.125, 9.625], "texture": "#4"},
				"down": {"uv": [8.375, 9.625, 8.25, 11.125], "texture": "#4"}
			}
		},
		{
			"from": [16, -2, 18],
			"to": [20, 15, 22],
			"rotation": {"angle": 22.5, "axis": "x", "origin": [18, -2, 22]},
			"faces": {
				"north": {"uv": [9, 5.25, 9.5, 7.375], "texture": "#4"},
				"east": {"uv": [9, 7.375, 9.5, 9.5], "texture": "#4"},
				"south": {"uv": [3.5, 9.125, 4, 11.25], "texture": "#4"},
				"west": {"uv": [4, 9.125, 4.5, 11.25], "texture": "#4"},
				"up": {"uv": [6, 10.125, 5.5, 9.625], "texture": "#4"},
				"down": {"uv": [6.5, 9.625, 6, 10.125], "texture": "#4"}
			}
		}
	],
	"display": {
		"thirdperson_righthand": {
			"rotation": [-68.47, 88.16, 83.11],
			"translation": [-5.25, 1.5, 0],
			"scale": [0.39063, 0.50391, 0.60156]
		},
		"thirdperson_lefthand": {
			"rotation": [-17.47, -41.48, -83.99],
			"translation": [-5.25, -7.5, 10.75],
			"scale": [0.33594, 0.41016, 0.60156]
		},
		"firstperson_righthand": {
			"scale": [0.76953, 0.84375, 0.90625]
		},
		"firstperson_lefthand": {
			"scale": [0.03516, 0, 0]
		},
		"ground": {
			"scale": [0.55469, 0.64258, 0.81445]
		},
		"gui": {
			"rotation": [91.07, 48.08, -88.27],
			"translation": [0.75, 0, 0],
			"scale": [1, 0.44336, 0.39844]
		},
		"fixed": {
			"rotation": [0, -88.75, 0],
			"translation": [0, 0, -7.75],
			"scale": [1, 1.21289, 1.42188]
		}
	},
	"groups": [
		0,
		1,
		2,
		{
			"name": "group",
			"origin": [0, 0, 0],
			"color": 0,
			"children": [
				3,
				4,
				5,
				6,
				7,
				8,
				9,
				10,
				11,
				12,
				13,
				14,
				{
					"name": "group",
					"origin": [0, -2, 22],
					"color": 0,
					"children": [15, 16, 17]
				},
				{
					"name": "group",
					"origin": [0, -2, 22],
					"color": 0,
					"children": [18, 19, 20]
				},
				21
			]
		}
	]
}