{
	"credit": "Made with Blockbench",
	"textures": {
		"2": "./blaze_rod"
	},
	"elements": [
		{
			"from": [-5, 2, 8],
			"to": [-5, 10, 16],
			"rotation": {"angle": 22.5, "axis": "y", "origin": [-5, 3, 9]},
			"faces": {
				"north": {"uv": [0, 0, 0, 8], "texture": "#2"},
				"east": {"uv": [0, 0, 8, 8], "texture": "#2"},
				"south": {"uv": [0, 0, 0, 8], "texture": "#2"},
				"west": {"uv": [0, 8, 8, 16], "texture": "#2"},
				"up": {"uv": [0, 8, 0, 0], "texture": "#2"},
				"down": {"uv": [0, 0, 0, 8], "texture": "#2"}
			}
		},
		{
			"from": [-3, 0, 13],
			"to": [-3, 8, 21],
			"rotation": {"angle": 45, "axis": "y", "origin": [-3, 1, 14]},
			"faces": {
				"north": {"uv": [0, 0, 0, 8], "texture": "#2"},
				"east": {"uv": [0, 0, 8, 8], "texture": "#2"},
				"south": {"uv": [0, 0, 0, 8], "texture": "#2"},
				"west": {"uv": [0, 8, 8, 16], "texture": "#2"},
				"up": {"uv": [0, 8, 0, 0], "texture": "#2"},
				"down": {"uv": [0, 0, 0, 8], "texture": "#2"}
			}
		},
		{
			"from": [-1, -1, 18],
			"to": [7, 7, 18],
			"rotation": {"angle": -22.5, "axis": "y", "origin": [0, 0, 18]},
			"faces": {
				"north": {"uv": [0, 0, 8, 8], "texture": "#2"},
				"east": {"uv": [0, 0, 0, 8], "texture": "#2"},
				"south": {"uv": [0, 8, 8, 16], "texture": "#2"},
				"west": {"uv": [0, 0, 0, 8], "texture": "#2"},
				"up": {"uv": [0, 8, 0, 0], "texture": "#2"},
				"down": {"uv": [0, 0, 0, 8], "texture": "#2"}
			}
		},
		{
			"from": [4, -1, 20],
			"to": [12, 7, 20],
			"rotation": {"angle": 0, "axis": "y", "origin": [5, 0, 20]},
			"faces": {
				"north": {"uv": [0, 0, 8, 8], "texture": "#2"},
				"east": {"uv": [0, 0, 0, 8], "texture": "#2"},
				"south": {"uv": [0, 8, 8, 16], "texture": "#2"},
				"west": {"uv": [0, 0, 0, 8], "texture": "#2"},
				"up": {"uv": [0, 8, 0, 0], "texture": "#2"},
				"down": {"uv": [0, 0, 0, 8], "texture": "#2"}
			}
		},
		{
			"from": [-3, 4, -3],
			"to": [-3, 12, 5],
			"rotation": {"angle": -22.5, "axis": "y", "origin": [-3, 5, -2]},
			"faces": {
				"north": {"uv": [0, 0, 0, 8], "texture": "#2"},
				"east": {"uv": [0, 0, 8, 8], "texture": "#2"},
				"south": {"uv": [0, 0, 0, 8], "texture": "#2"},
				"west": {"uv": [0, 8, 8, 16], "texture": "#2"},
				"up": {"uv": [0, 8, 0, 0], "texture": "#2"},
				"down": {"uv": [0, 0, 0, 8], "texture": "#2"}
			}
		},
		{
			"from": [1, 5, -7],
			"to": [1, 13, 1],
			"rotation": {"angle": -45, "axis": "y", "origin": [1, 6, -6]},
			"faces": {
				"north": {"uv": [0, 0, 0, 8], "texture": "#2"},
				"east": {"uv": [0, 0, 8, 8], "texture": "#2"},
				"south": {"uv": [0, 0, 0, 8], "texture": "#2"},
				"west": {"uv": [0, 8, 8, 16], "texture": "#2"},
				"up": {"uv": [0, 8, 0, 0], "texture": "#2"},
				"down": {"uv": [0, 0, 0, 8], "texture": "#2"}
			}
		},
		{
			"from": [-1, 6, -8],
			"to": [7, 14, -8],
			"rotation": {"angle": 22.5, "axis": "y", "origin": [6, 7, -8]},
			"faces": {
				"north": {"uv": [0, 8, 8, 16], "texture": "#2"},
				"east": {"uv": [0, 0, 0, 8], "texture": "#2"},
				"south": {"uv": [0, 0, 8, 8], "texture": "#2"},
				"west": {"uv": [0, 0, 0, 8], "texture": "#2"},
				"up": {"uv": [0, 8, 0, 0], "texture": "#2"},
				"down": {"uv": [0, 0, 0, 8], "texture": "#2"}
			}
		},
		{
			"from": [4, 8, -8],
			"to": [12, 16, -8],
			"rotation": {"angle": 0, "axis": "y", "origin": [11, 9, -8]},
			"faces": {
				"north": {"uv": [0, 8, 8, 16], "texture": "#2"},
				"east": {"uv": [0, 0, 0, 8], "texture": "#2"},
				"south": {"uv": [0, 0, 8, 8], "texture": "#2"},
				"west": {"uv": [0, 0, 0, 8], "texture": "#2"},
				"up": {"uv": [0, 8, 0, 0], "texture": "#2"},
				"down": {"uv": [0, 0, 0, 8], "texture": "#2"}
			}
		},
		{
			"from": [8, 9, -7],
			"to": [16, 17, -7],
			"rotation": {"angle": -22.5, "axis": "y", "origin": [15, 10, -7]},
			"faces": {
				"north": {"uv": [0, 8, 8, 16], "texture": "#2"},
				"east": {"uv": [0, 0, 0, 8], "texture": "#2"},
				"south": {"uv": [0, 0, 8, 8], "texture": "#2"},
				"west": {"uv": [0, 0, 0, 8], "texture": "#2"},
				"up": {"uv": [0, 8, 0, 0], "texture": "#2"},
				"down": {"uv": [0, 0, 0, 8], "texture": "#2"}
			}
		},
		{
			"from": [12, 10, -4],
			"to": [20, 18, -4],
			"rotation": {"angle": -45, "axis": "y", "origin": [19, 11, -4]},
			"faces": {
				"north": {"uv": [0, 8, 8, 16], "texture": "#2"},
				"east": {"uv": [0, 0, 0, 8], "texture": "#2"},
				"south": {"uv": [0, 0, 8, 8], "texture": "#2"},
				"west": {"uv": [0, 0, 0, 8], "texture": "#2"},
				"up": {"uv": [0, 8, 0, 0], "texture": "#2"},
				"down": {"uv": [0, 0, 0, 8], "texture": "#2"}
			}
		},
		{
			"from": [21, 11, -6],
			"to": [21, 19, 2],
			"rotation": {"angle": 22.5, "axis": "y", "origin": [21, 12, 1]},
			"faces": {
				"north": {"uv": [0, 0, 0, 8], "texture": "#2"},
				"east": {"uv": [0, 8, 8, 16], "texture": "#2"},
				"south": {"uv": [0, 0, 0, 8], "texture": "#2"},
				"west": {"uv": [0, 0, 8, 8], "texture": "#2"},
				"up": {"uv": [0, 8, 0, 0], "texture": "#2"},
				"down": {"uv": [0, 0, 0, 8], "texture": "#2"}
			}
		},
		{
			"from": [21, 12, 0],
			"to": [21, 20, 8],
			"rotation": {"angle": 0, "axis": "y", "origin": [21, 13, 7]},
			"faces": {
				"north": {"uv": [0, 0, 0, 8], "texture": "#2"},
				"east": {"uv": [0, 8, 8, 16], "texture": "#2"},
				"south": {"uv": [0, 0, 0, 8], "texture": "#2"},
				"west": {"uv": [0, 0, 8, 8], "texture": "#2"},
				"up": {"uv": [0, 8, 0, 0], "texture": "#2"},
				"down": {"uv": [0, 0, 0, 8], "texture": "#2"}
			}
		},
		{
			"from": [20, 13, 5],
			"to": [20, 21, 13],
			"rotation": {"angle": -22.5, "axis": "y", "origin": [20, 14, 12]},
			"faces": {
				"north": {"uv": [0, 0, 0, 8], "texture": "#2"},
				"east": {"uv": [0, 8, 8, 16], "texture": "#2"},
				"south": {"uv": [0, 0, 0, 8], "texture": "#2"},
				"west": {"uv": [0, 0, 8, 8], "texture": "#2"},
				"up": {"uv": [0, 8, 0, 0], "texture": "#2"},
				"down": {"uv": [0, 0, 0, 8], "texture": "#2"}
			}
		},
		{
			"from": [16, 14, 10],
			"to": [16, 22, 18],
			"rotation": {"angle": -45, "axis": "y", "origin": [16, 15, 17]},
			"faces": {
				"north": {"uv": [0, 0, 0, 8], "texture": "#2"},
				"east": {"uv": [0, 8, 8, 16], "texture": "#2"},
				"south": {"uv": [0, 0, 0, 8], "texture": "#2"},
				"west": {"uv": [0, 0, 8, 8], "texture": "#2"},
				"up": {"uv": [0, 8, 0, 0], "texture": "#2"},
				"down": {"uv": [0, 0, 0, 8], "texture": "#2"}
			}
		},
		{
			"from": [10, 15, 20],
			"to": [18, 23, 20],
			"rotation": {"angle": 22.5, "axis": "y", "origin": [11, 16, 20]},
			"faces": {
				"north": {"uv": [0, 0, 8, 8], "texture": "#2"},
				"east": {"uv": [0, 0, 0, 8], "texture": "#2"},
				"south": {"uv": [0, 8, 8, 16], "texture": "#2"},
				"west": {"uv": [0, 0, 0, 8], "texture": "#2"},
				"up": {"uv": [0, 8, 0, 0], "texture": "#2"},
				"down": {"uv": [0, 0, 0, 8], "texture": "#2"}
			}
		},
		{
			"from": [-5, 3, 2],
			"to": [-5, 11, 10],
			"rotation": {"angle": 0, "axis": "y", "origin": [-5, 4, 3]},
			"faces": {
				"north": {"uv": [0, 0, 0, 8], "texture": "#2"},
				"east": {"uv": [0, 0, 8, 8], "texture": "#2"},
				"south": {"uv": [0, 0, 0, 8], "texture": "#2"},
				"west": {"uv": [0, 8, 8, 16], "texture": "#2"},
				"up": {"uv": [0, 8, 0, 0], "texture": "#2"},
				"down": {"uv": [0, 0, 0, 8], "texture": "#2"}
			}
		},
		{
			"from": [4, 24, -8],
			"to": [12, 32, -8],
			"rotation": {"angle": 0, "axis": "y", "origin": [11, 25, -8]},
			"faces": {
				"north": {"uv": [0, 8, 8, 16], "texture": "#2"},
				"east": {"uv": [0, 0, 0, 8], "texture": "#2"},
				"south": {"uv": [0, 0, 8, 8], "texture": "#2"},
				"west": {"uv": [0, 0, 0, 8], "texture": "#2"},
				"up": {"uv": [0, 8, 0, 0], "texture": "#2"},
				"down": {"uv": [0, 0, 0, 8], "texture": "#2"}
			}
		},
		{
			"from": [9, 24, -6],
			"to": [17, 32, -6],
			"rotation": {"angle": -22.5, "axis": "y", "origin": [16, 25, -6]},
			"faces": {
				"north": {"uv": [8, 0, 16, 8], "texture": "#2"},
				"east": {"uv": [0, 0, 0, 8], "texture": "#2"},
				"south": {"uv": [8, 8, 16, 16], "texture": "#2"},
				"west": {"uv": [0, 0, 0, 8], "texture": "#2"},
				"up": {"uv": [0, 8, 0, 0], "texture": "#2"},
				"down": {"uv": [0, 0, 0, 8], "texture": "#2"}
			}
		},
		{
			"from": [-5, 19, 8],
			"to": [-5, 27, 16],
			"rotation": {"angle": 22.5, "axis": "y", "origin": [-5, 20, 9]},
			"faces": {
				"north": {"uv": [0, 0, 0, 8], "texture": "#2"},
				"east": {"uv": [0, 0, 8, 8], "texture": "#2"},
				"south": {"uv": [0, 0, 0, 8], "texture": "#2"},
				"west": {"uv": [0, 8, 8, 16], "texture": "#2"},
				"up": {"uv": [0, 8, 0, 0], "texture": "#2"},
				"down": {"uv": [0, 0, 0, 8], "texture": "#2"}
			}
		},
		{
			"from": [-3, 21, -3],
			"to": [-3, 29, 5],
			"rotation": {"angle": -22.5, "axis": "y", "origin": [-3, 22, -2]},
			"faces": {
				"north": {"uv": [0, 0, 0, 8], "texture": "#2"},
				"east": {"uv": [0, 0, 8, 8], "texture": "#2"},
				"south": {"uv": [0, 0, 0, 8], "texture": "#2"},
				"west": {"uv": [0, 8, 8, 16], "texture": "#2"},
				"up": {"uv": [0, 8, 0, 0], "texture": "#2"},
				"down": {"uv": [0, 0, 0, 8], "texture": "#2"}
			}
		},
		{
			"from": [-5, 20, 2],
			"to": [-5, 28, 10],
			"rotation": {"angle": 0, "axis": "y", "origin": [-5, 21, 3]},
			"faces": {
				"north": {"uv": [0, 0, 0, 8], "texture": "#2"},
				"east": {"uv": [0, 0, 8, 8], "texture": "#2"},
				"south": {"uv": [0, 0, 0, 8], "texture": "#2"},
				"west": {"uv": [0, 8, 8, 16], "texture": "#2"},
				"up": {"uv": [0, 8, 0, 0], "texture": "#2"},
				"down": {"uv": [0, 0, 0, 8], "texture": "#2"}
			}
		},
		{
			"from": [-3, 18, 13],
			"to": [-3, 26, 21],
			"rotation": {"angle": 45, "axis": "y", "origin": [-3, 19, 14]},
			"faces": {
				"north": {"uv": [0, 0, 0, 8], "texture": "#2"},
				"east": {"uv": [0, 0, 8, 8], "texture": "#2"},
				"south": {"uv": [0, 0, 0, 8], "texture": "#2"},
				"west": {"uv": [0, 8, 8, 16], "texture": "#2"},
				"up": {"uv": [0, 8, 0, 0], "texture": "#2"},
				"down": {"uv": [0, 0, 0, 8], "texture": "#2"}
			}
		},
		{
			"from": [-1, 17, 18],
			"to": [7, 25, 18],
			"rotation": {"angle": -22.5, "axis": "y", "origin": [0, 18, 18]},
			"faces": {
				"north": {"uv": [0, 0, 8, 8], "texture": "#2"},
				"east": {"uv": [0, 0, 0, 8], "texture": "#2"},
				"south": {"uv": [0, 8, 8, 16], "texture": "#2"},
				"west": {"uv": [0, 0, 0, 8], "texture": "#2"},
				"up": {"uv": [0, 8, 0, 0], "texture": "#2"},
				"down": {"uv": [0, 0, 0, 8], "texture": "#2"}
			}
		},
		{
			"from": [4, 16, 20],
			"to": [12, 24, 20],
			"rotation": {"angle": 0, "axis": "y", "origin": [5, 17, 20]},
			"faces": {
				"north": {"uv": [0, 0, 8, 8], "texture": "#2"},
				"east": {"uv": [0, 0, 0, 8], "texture": "#2"},
				"south": {"uv": [0, 8, 8, 16], "texture": "#2"},
				"west": {"uv": [0, 0, 0, 8], "texture": "#2"},
				"up": {"uv": [0, 8, 0, 0], "texture": "#2"},
				"down": {"uv": [0, 0, 0, 8], "texture": "#2"}
			}
		},
		{
			"from": [1, 22, -7],
			"to": [1, 30, 1],
			"rotation": {"angle": -45, "axis": "y", "origin": [1, 23, -6]},
			"faces": {
				"north": {"uv": [0, 0, 0, 8], "texture": "#2"},
				"east": {"uv": [0, 0, 8, 8], "texture": "#2"},
				"south": {"uv": [0, 0, 0, 8], "texture": "#2"},
				"west": {"uv": [0, 8, 8, 16], "texture": "#2"},
				"up": {"uv": [0, 8, 0, 0], "texture": "#2"},
				"down": {"uv": [0, 0, 0, 8], "texture": "#2"}
			}
		},
		{
			"from": [-1, 23, -8],
			"to": [7, 31, -8],
			"rotation": {"angle": 22.5, "axis": "y", "origin": [6, 24, -8]},
			"faces": {
				"north": {"uv": [0, 8, 8, 16], "texture": "#2"},
				"east": {"uv": [0, 0, 0, 8], "texture": "#2"},
				"south": {"uv": [0, 0, 8, 8], "texture": "#2"},
				"west": {"uv": [0, 0, 0, 8], "texture": "#2"},
				"up": {"uv": [0, 8, 0, 0], "texture": "#2"},
				"down": {"uv": [0, 0, 0, 8], "texture": "#2"}
			}
		}
	],
	"display": {
		"head": {
			"rotation": [-180, -61.75, -180],
			"translation": [-0.75, -27.5, 0],
			"scale": [1.48633, 1.61719, 1.33789]
		}
	}
}