{
	"credit": "Made with Blockbench",
	"texture_size": [128, 128],
	"textures": {
		"3": "./dragon",
		"particle": "./block/texture"
	},
	"elements": [
		{
			"from": [10, 15, -16],
			"to": [32, 15, 32],
			"rotation": {"angle": 0, "axis": "y", "origin": [-2, 15, 0]},
			"faces": {
				"north": {"uv": [0, 0, 2.5, 0], "texture": "#3"},
				"east": {"uv": [0, 0, 2.5, 0], "texture": "#3"},
				"south": {"uv": [0, 0, 2.5, 0], "texture": "#3"},
				"west": {"uv": [0, 0, 2.5, 0], "texture": "#3"},
				"up": {"uv": [2.5, 6, 0, 0], "texture": "#3"},
				"down": {"uv": [5, 0, 2.5, 6], "texture": "#3"}
			}
		},
		{
			"from": [-11, 15, -16],
			"to": [9, 15, 32],
			"rotation": {"angle": 0, "axis": "y", "origin": [-23, 15, 0]},
			"faces": {
				"north": {"uv": [0, 0, 2.5, 0], "texture": "#3"},
				"east": {"uv": [0, 0, 2.5, 0], "texture": "#3"},
				"south": {"uv": [0, 0, 2.5, 0], "texture": "#3"},
				"west": {"uv": [0, 0, 2.5, 0], "texture": "#3"},
				"up": {"uv": [7.5, 6, 5, 0], "texture": "#3"},
				"down": {"uv": [2.5, 6, 0, 12], "texture": "#3"}
			}
		},
		{
			"from": [-2, 0, -16],
			"to": [18, 1, 32],
			"faces": {
				"north": {"uv": [7.5, 6.75, 10, 6.875], "texture": "#3"},
				"east": {"uv": [7.5, 6.5, 13.5, 6.625], "texture": "#3"},
				"south": {"uv": [7.5, 6.875, 10, 7], "texture": "#3"},
				"west": {"uv": [7.5, 6.625, 13.5, 6.75], "texture": "#3"},
				"up": {"uv": [5, 12, 2.5, 6], "texture": "#3"},
				"down": {"uv": [7.5, 6, 5, 12], "texture": "#3"}
			}
		},
		{
			"from": [18, 1, -16],
			"to": [18, 14, 32],
			"rotation": {"angle": 0, "axis": "y", "origin": [18, 0, 0]},
			"faces": {
				"north": {"uv": [0, 0, 0, 1.625], "texture": "#3"},
				"east": {"uv": [7.5, 0, 13.5, 1.625], "texture": "#3"},
				"south": {"uv": [0, 0, 0, 1.625], "texture": "#3"},
				"west": {"uv": [7.5, 1.625, 13.5, 3.25], "texture": "#3"},
				"up": {"uv": [0, 6, 0, 0], "texture": "#3"},
				"down": {"uv": [0, 0, 0, 6], "texture": "#3"}
			}
		},
		{
			"from": [-2, 1, -16],
			"to": [-2, 14, 32],
			"rotation": {"angle": 0, "axis": "y", "origin": [-2, 0, 0]},
			"faces": {
				"north": {"uv": [0, 0, 0, 1.625], "texture": "#3"},
				"east": {"uv": [7.5, 3.25, 13.5, 4.875], "texture": "#3"},
				"south": {"uv": [0, 0, 0, 1.625], "texture": "#3"},
				"west": {"uv": [7.5, 4.875, 13.5, 6.5], "texture": "#3"},
				"up": {"uv": [0, 6, 0, 0], "texture": "#3"},
				"down": {"uv": [0, 0, 0, 6], "texture": "#3"}
			}
		}
	],
	"display": {
		"thirdperson_lefthand": {
			"rotation": [64, -1.75, 0.02],
			"translation": [-4, 42.75, -18.5],
			"scale": [1.54688, 1.51367, 2.06055]
		},
		"firstperson_lefthand": {
			"translation": [-6.25, -1.5, 0]
		},
		"head": {
			"translation": [0, -21, -80],
			"scale": [3.17383, 2.73828, 3.20898]
		}
	},
	"groups": [
		{
			"name": "group",
			"origin": [-2, 16, 0],
			"color": 0,
			"children": [0, 1]
		},
		{
			"name": "group",
			"origin": [8, 8, 8],
			"color": 0,
			"children": [2, 3, 4]
		}
	]
}