{
	"credit": "Made with Blockbench",
	"parent": "diamond_sword",
	"texture_size": [64, 64],
	"textures": {
		"0": "./ms",
		"particle": "./ms"
	},
	"elements": [
		{
			"from": [7, -9, 7],
			"to": [9, -7, 10],
			"rotation": {"angle": 0, "axis": "y", "origin": [7, -9, 8]},
			"faces": {
				"north": {"uv": [5, 1.75, 5.5, 2.25], "texture": "#0"},
				"east": {"uv": [4.5, 0, 5.25, 0.5], "texture": "#0"},
				"south": {"uv": [5, 2.25, 5.5, 2.75], "texture": "#0"},
				"west": {"uv": [4.5, 0.5, 5.25, 1], "texture": "#0"},
				"up": {"uv": [5, 1.75, 4.5, 1], "texture": "#0"},
				"down": {"uv": [5, 1.75, 4.5, 2.5], "texture": "#0"}
			}
		},
		{
			"from": [7, -7, 7],
			"to": [9, 2, 10],
			"rotation": {"angle": 0, "axis": "y", "origin": [7, -1, 8]},
			"faces": {
				"north": {"uv": [4, 0, 4.5, 2.25], "texture": "#0"},
				"east": {"uv": [2.5, 2.75, 3.25, 5], "texture": "#0"},
				"south": {"uv": [4, 2.25, 4.5, 4.5], "texture": "#0"},
				"west": {"uv": [3.25, 2.75, 4, 5], "texture": "#0"},
				"up": {"uv": [5, 3.25, 4.5, 2.5], "texture": "#0"},
				"down": {"uv": [5, 3.25, 4.5, 4], "texture": "#0"}
			}
		},
		{
			"from": [4, 2, 3],
			"to": [12, 2, 14],
			"rotation": {"angle": 0, "axis": "y", "origin": [7, 5, 8]},
			"faces": {
				"north": {"uv": [0, 0, 2, 0], "texture": "#0"},
				"east": {"uv": [0, 0, 2.75, 0], "texture": "#0"},
				"south": {"uv": [0, 0, 2, 0], "texture": "#0"},
				"west": {"uv": [0, 0, 2.75, 0], "texture": "#0"},
				"up": {"uv": [2, 2.75, 0, 0], "texture": "#0"},
				"down": {"uv": [4, 0, 2, 2.75], "texture": "#0"}
			}
		},
		{
			"from": [7, 2, 8],
			"to": [9, 5, 9],
			"rotation": {"angle": 0, "axis": "y", "origin": [7, 10, 8]},
			"faces": {
				"north": {"uv": [4, 4.5, 4.5, 5.25], "texture": "#0"},
				"east": {"uv": [2.5, 5, 2.75, 5.75], "texture": "#0"},
				"south": {"uv": [4.5, 4, 5, 4.75], "texture": "#0"},
				"west": {"uv": [2.75, 5, 3, 5.75], "texture": "#0"},
				"up": {"uv": [5.5, 3, 5, 2.75], "texture": "#0"},
				"down": {"uv": [3.5, 5, 3, 5.25], "texture": "#0"}
			}
		},
		{
			"from": [7, 5, 7],
			"to": [9, 31, 10],
			"rotation": {"angle": 0, "axis": "y", "origin": [7, 10, 8]},
			"faces": {
				"north": {"uv": [1.5, 2.75, 2, 9.25], "texture": "#0"},
				"east": {"uv": [0, 2.75, 0.75, 9.25], "texture": "#0"},
				"south": {"uv": [2, 2.75, 2.5, 9.25], "texture": "#0"},
				"west": {"uv": [0.75, 2.75, 1.5, 9.25], "texture": "#0"},
				"up": {"uv": [5, 5.5, 4.5, 4.75], "texture": "#0"},
				"down": {"uv": [5.5, 1, 5, 1.75], "texture": "#0"}
			}
		}
	],
	"display": {
		"thirdperson_righthand": {
			"rotation": [-48.81, 72.55, -102.51],
			"translation": [-0.25, 2, 0.75],
			"scale": [0.77539, 0.83203, 0.3125]
		},
		"thirdperson_lefthand": {
			"rotation": [-48.81, 72.55, -102.51],
			"translation": [-0.25, 2, 0.75],
			"scale": [0.77539, 0.83203, 0.3125]
		},
		"firstperson_righthand": {
			"rotation": [-157.14, 64.46, -13.96],
			"translation": [-0.25, 3, -5.25],
			"scale": [0.89062, 0.76758, 0.30274]
		},
		"firstperson_lefthand": {
			"rotation": [-2.83, 55.54, -176.39],
			"translation": [5, 2, -5.25],
			"scale": [0.89062, 0.76758, 0.30274]
		},
		"ground": {
			"rotation": [178.73, 12.55, -2.32],
			"translation": [0, 16.25, 0],
			"scale": [1, 1, 0.29883]
		},
		"gui": {
			"rotation": [0, 0, 138],
			"scale": [0.5, 0.58789, 1]
		},
		"fixed": {
			"rotation": [0, 0, -87.75],
			"translation": [-2, 0, 0],
			"scale": [1.67188, 2.07031, 0.69531]
		}
	},
	"groups": [
		{
			"name": "ms",
			"origin": [8, 8, 8],
			"color": 0,
			"children": [0, 1, 2]
		},
		{
			"name": "group",
			"origin": [7, 10, 8],
			"color": 0,
			"children": [3, 4]
		}
	]
}