{
	"credit": "Made with Blockbench",
	"parent": "diamond_sword",
	"texture_size": [64, 64],
	"textures": {
		"2": "./mus"
	},
	"elements": [
		{
			"from": [7, -9, 7],
			"to": [9, -7, 10],
			"rotation": {"angle": 0, "axis": "y", "origin": [7, -9, 8]},
			"faces": {
				"north": {"uv": [4.5, 1.75, 5, 2.25], "texture": "#2"},
				"east": {"uv": [4, 0, 4.75, 0.5], "texture": "#2"},
				"south": {"uv": [4.5, 2.25, 5, 2.75], "texture": "#2"},
				"west": {"uv": [4, 0.5, 4.75, 1], "texture": "#2"},
				"up": {"uv": [4.5, 1.75, 4, 1], "texture": "#2"},
				"down": {"uv": [4.5, 1.75, 4, 2.5], "texture": "#2"}
			}
		},
		{
			"from": [7, -7, 7],
			"to": [9, 2, 10],
			"rotation": {"angle": 0, "axis": "y", "origin": [7, -1, 8]},
			"faces": {
				"north": {"uv": [3, 2.75, 3.5, 5], "texture": "#2"},
				"east": {"uv": [1, 2.75, 1.75, 5], "texture": "#2"},
				"south": {"uv": [3.5, 2.75, 4, 5], "texture": "#2"},
				"west": {"uv": [1.75, 2.75, 2.5, 5], "texture": "#2"},
				"up": {"uv": [4.5, 3.25, 4, 2.5], "texture": "#2"},
				"down": {"uv": [4.5, 3.25, 4, 4], "texture": "#2"}
			}
		},
		{
			"from": [4, 2, 3],
			"to": [12, 2, 14],
			"rotation": {"angle": 0, "axis": "y", "origin": [7, 5, 8]},
			"faces": {
				"north": {"uv": [0, 0, 2, 0], "texture": "#2"},
				"east": {"uv": [0, 0, 2.75, 0], "texture": "#2"},
				"south": {"uv": [0, 0, 2, 0], "texture": "#2"},
				"west": {"uv": [0, 0, 2.75, 0], "texture": "#2"},
				"up": {"uv": [2, 2.75, 0, 0], "texture": "#2"},
				"down": {"uv": [4, 0, 2, 2.75], "texture": "#2"}
			}
		},
		{
			"from": [7, 2, 8],
			"to": [9, 28, 9],
			"rotation": {"angle": 0, "axis": "y", "origin": [7, 10, 8]},
			"faces": {
				"north": {"uv": [0, 2.75, 0.5, 9.25], "texture": "#2"},
				"east": {"uv": [2.5, 2.75, 2.75, 9.25], "texture": "#2"},
				"south": {"uv": [0.5, 2.75, 1, 9.25], "texture": "#2"},
				"west": {"uv": [2.75, 2.75, 3, 9.25], "texture": "#2"},
				"up": {"uv": [4.5, 5, 4, 4.75], "texture": "#2"},
				"down": {"uv": [5.25, 4, 4.75, 4.25], "texture": "#2"}
			}
		},
		{
			"from": [7, 28, 8],
			"to": [9, 31, 9],
			"rotation": {"angle": 0, "axis": "y", "origin": [7, 25, 8]},
			"faces": {
				"north": {"uv": [4, 4, 4.5, 4.75], "texture": "#2"},
				"east": {"uv": [4.5, 4.25, 4.75, 5], "texture": "#2"},
				"south": {"uv": [4.5, 1, 5, 1.75], "texture": "#2"},
				"west": {"uv": [4.75, 0, 5, 0.75], "texture": "#2"},
				"up": {"uv": [5.25, 1, 4.75, 0.75], "texture": "#2"},
				"down": {"uv": [5.25, 3.75, 4.75, 4], "texture": "#2"}
			}
		},
		{
			"from": [9, 28, 8],
			"to": [9, 30, 9],
			"rotation": {"angle": 22.5, "axis": "z", "origin": [9, 28, 9]},
			"faces": {
				"north": {"uv": [0, 0, 0, 0.5], "texture": "#2"},
				"east": {"uv": [4.75, 2.75, 5, 3.25], "texture": "#2"},
				"south": {"uv": [0, 0, 0, 0.5], "texture": "#2"},
				"west": {"uv": [4.75, 3.25, 5, 3.75], "texture": "#2"},
				"up": {"uv": [0, 0.25, 0, 0], "texture": "#2"},
				"down": {"uv": [0, 0, 0, 0.25], "texture": "#2"}
			}
		},
		{
			"from": [8, 29, 8],
			"to": [8, 32, 9],
			"rotation": {"angle": 45, "axis": "z", "origin": [8, 30, 9]},
			"faces": {
				"north": {"uv": [0, 0, 0, 0.75], "texture": "#2"},
				"east": {"uv": [4.5, 2.75, 4.75, 3.5], "texture": "#2"},
				"south": {"uv": [0, 0, 0, 0.75], "texture": "#2"},
				"west": {"uv": [4.5, 3.5, 4.75, 4.25], "texture": "#2"},
				"up": {"uv": [0, 0.25, 0, 0], "texture": "#2"},
				"down": {"uv": [0, 0, 0, 0.25], "texture": "#2"}
			}
		}
	],
	"display": {
		"thirdperson_righthand": {
			"rotation": [-119.78, 88.55, 119.83],
			"translation": [0, 6.5, 0.25],
			"scale": [0.77539, 0.83203, 0.3125]
		},
		"thirdperson_lefthand": {
			"rotation": [-134.51, -83.24, -136.77],
			"translation": [0.75, 7.25, 0],
			"scale": [0.77539, 0.83203, 0.3125]
		},
		"firstperson_righthand": {
			"rotation": [-23, 89.75, 0],
			"translation": [4.75, 4.75, -5.25],
			"scale": [1.08203, 0.95117, 0.3418]
		},
		"firstperson_lefthand": {
			"rotation": [179.81, -79.26, -157.53],
			"translation": [4.75, 4.75, -5.25],
			"scale": [1.08203, 0.95117, 0.3418]
		},
		"ground": {
			"rotation": [-57.26, -29.78, 51.97],
			"scale": [1, 1, 0.29883]
		},
		"gui": {
			"rotation": [0, 0, -47.25],
			"scale": [0.5, 0.58789, 1]
		},
		"fixed": {
			"rotation": [0, 0, -87.75],
			"translation": [-2, 0, 0],
			"scale": [1.67188, 2.07031, 0.69531]
		}
	},
	"groups": [
		{
			"name": "ms",
			"origin": [8, 8, 8],
			"color": 0,
			"children": [0, 1, 2]
		},
		{
			"name": "group",
			"origin": [7, 10, 8],
			"color": 0,
			"children": [3]
		},
		{
			"name": "group",
			"origin": [7, 17, 8],
			"color": 0,
			"children": [
				4,
				{
					"name": "group",
					"origin": [8, 8, 8],
					"color": 0,
					"children": [5]
				},
				{
					"name": "group",
					"origin": [8, 8, 8],
					"color": 0,
					"children": [6]
				}
			]
		}
	]
}