{
	"credit": "Made with Blockbench",
	"texture_size": [64, 64],
	"textures": {
		"4": "./cit/sand",
		"particle": "./cit/sand"
	},
	"elements": [
		{
			"name": "base",
			"from": [8, 0, 0],
			"to": [8, 11, 16],
			"rotation": {"angle": 0, "axis": "y", "origin": [0, 1, -7]},
			"faces": {
				"north": {"uv": [8, 2.5, 8, 5.25], "texture": "#4"},
				"east": {"uv": [4, 2.5, 8, 5.25], "texture": "#4"},
				"south": {"uv": [12, 2.5, 12, 5.25], "texture": "#4"},
				"west": {"uv": [8, 2.5, 12, 5.25], "texture": "#4"},
				"up": {"uv": [8, 2.5, 8, -1.5], "texture": "#4"},
				"down": {"uv": [8, -1.5, 8, 2.5], "texture": "#4"}
			}
		},
		{
			"name": "base",
			"from": [0, 1, 8],
			"to": [16, 11, 8],
			"rotation": {"angle": 0, "axis": "y", "origin": [-1, 0, -8]},
			"faces": {
				"north": {"uv": [4, 0, 8, 2.5], "texture": "#4"},
				"east": {"uv": [4, 0, 4, 2.5], "texture": "#4"},
				"south": {"uv": [8, 0, 12, 2.5], "texture": "#4"},
				"west": {"uv": [8, 0, 8, 2.5], "texture": "#4"},
				"up": {"uv": [8, 0, 4, 0], "texture": "#4"},
				"down": {"uv": [12, 0, 8, 0], "texture": "#4"}
			}
		},
		{
			"from": [0, 0, 0],
			"to": [16, 1, 16],
			"rotation": {"angle": 0, "axis": "y", "origin": [0, 0, -1]},
			"faces": {
				"north": {"uv": [4, 15.75, 8, 16], "texture": "#4"},
				"east": {"uv": [0, 15.75, 4, 16], "texture": "#4"},
				"south": {"uv": [12, 15.75, 16, 16], "texture": "#4"},
				"west": {"uv": [8, 15.75, 12, 16], "texture": "#4"},
				"up": {"uv": [8, 15.75, 4, 11.75], "texture": "#4"},
				"down": {"uv": [12, 11.75, 8, 15.75], "texture": "#4"}
			}
		},
		{
			"from": [3.5, 10, -2],
			"to": [3.5, 16, 4],
			"rotation": {"angle": -45, "axis": "y", "origin": [4.5, 7, 4]},
			"faces": {
				"north": {"uv": [14, 12.25, 14, 13.75], "texture": "#4"},
				"east": {"uv": [12.5, 12.25, 14, 13.75], "texture": "#4"},
				"south": {"uv": [15.5, 12.25, 15.5, 13.75], "texture": "#4"},
				"west": {"uv": [14, 12.25, 15.5, 13.75], "texture": "#4"},
				"up": {"uv": [14, 12.25, 14, 10.75], "texture": "#4"},
				"down": {"uv": [14, 10.75, 14, 12.25], "texture": "#4"}
			}
		},
		{
			"from": [4.5, 9, 13],
			"to": [10.5, 15, 13],
			"rotation": {"angle": 45, "axis": "y", "origin": [7.5, 11, 11]},
			"faces": {
				"north": {"uv": [12.75, 10.5, 14.25, 12], "texture": "#4"},
				"east": {"uv": [12.75, 10.5, 12.75, 12], "texture": "#4"},
				"south": {"uv": [14.25, 10.5, 15.75, 12], "texture": "#4"},
				"west": {"uv": [14.25, 10.5, 14.25, 12], "texture": "#4"},
				"up": {"uv": [14.25, 10.5, 12.75, 10.5], "texture": "#4"},
				"down": {"uv": [15.75, 10.5, 14.25, 10.5], "texture": "#4"}
			}
		},
		{
			"from": [-1.5, 14, 9],
			"to": [-1.5, 20, 15],
			"rotation": {"angle": 45, "axis": "y", "origin": [0.5, 2, 8]},
			"faces": {
				"north": {"uv": [14, 14, 14, 15.5], "texture": "#4"},
				"east": {"uv": [12.5, 14, 14, 15.5], "texture": "#4"},
				"south": {"uv": [15.5, 14, 15.5, 15.5], "texture": "#4"},
				"west": {"uv": [14, 14, 15.5, 15.5], "texture": "#4"},
				"up": {"uv": [14, 14, 14, 12.5], "texture": "#4"},
				"down": {"uv": [14, 12.5, 14, 14], "texture": "#4"}
			}
		}
	],
	"display": {
		"thirdperson_righthand": {
			"translation": [0, 5, 0]
		}
	},
	"groups": [
		{
			"name": "base",
			"origin": [5, 12, -5],
			"color": 0,
			"children": [
				0,
				{
					"name": "base2",
					"origin": [0, 0, -1],
					"rotation": [0, 90, 0],
					"color": 0,
					"children": [
						1,
						{
							"name": "bone4",
							"origin": [0, 0, -1],
							"color": 0,
							"children": [2]
						}
					]
				}
			]
		},
		{
			"name": "upper_jaw",
			"origin": [0.5, 12, -4],
			"rotation": [-180, -180, 0],
			"color": 0,
			"children": []
		},
		{
			"name": "lower_jaw",
			"origin": [1.5, 12, 4],
			"rotation": [-180, 0, 0],
			"color": 0,
			"children": [
				{
					"name": "bone",
					"origin": [4.5, 12, 4],
					"rotation": [0, -50, 0],
					"color": 0,
					"children": [3]
				},
				{
					"name": "bone2",
					"origin": [-4.5, 16, 11],
					"rotation": [0, 102.5, 0],
					"color": 0,
					"children": [4]
				},
				{
					"name": "bone3",
					"origin": [0.5, 7, 8],
					"rotation": [0, -30, 0],
					"color": 0,
					"children": [5]
				}
			]
		}
	]
}