{
	"credit": "Made with Blockbench",
	"texture_size": [128, 128],
	"textures": {
		"0": "./stick",
		"particle": "./stick"
	},
	"elements": [
		{
			"from": [-16, 0, -16],
			"to": [32, 0, 32],
			"faces": {
				"north": {"uv": [0, 0, 6, 0], "texture": "#0"},
				"east": {"uv": [0, 0, 6, 0], "texture": "#0"},
				"south": {"uv": [0, 0, 6, 0], "texture": "#0"},
				"west": {"uv": [0, 0, 6, 0], "texture": "#0"},
				"up": {"uv": [6, 6, 0, 0], "texture": "#0"},
				"down": {"uv": [6, 6, 0, 12], "texture": "#0"}
			}
		}
	],
	"display": {
		"head": {
			"rotation": [23.32, -82.69, 95.88],
			"translation": [0, 41.75, 40.75],
			"scale": [4, 1, 4]
		}
	}
}