{
	"credit": "Made with Blockbench",
	"texture_size": [64, 64],
	"textures": {
		"1": "block/cornflower",
		"particle": "./grass"
	},
	"elements": [
		{
			"name": "base",
			"from": [8, 0, 0],
			"to": [8, 11, 16],
			"rotation": {"angle": 0, "axis": "y", "origin": [0, 1, -7]},
			"faces": {
				"north": {"uv": [8, 2.5, 8, 5.25], "texture": "#1"},
				"east": {"uv": [4, 2.5, 8, 5.25], "texture": "#1"},
				"south": {"uv": [12, 2.5, 12, 5.25], "texture": "#1"},
				"west": {"uv": [8, 2.5, 12, 5.25], "texture": "#1"},
				"up": {"uv": [8, 2.5, 8, -1.5], "texture": "#1"},
				"down": {"uv": [8, -1.5, 8, 2.5], "texture": "#1"}
			}
		},
		{
			"name": "base",
			"from": [0, 0, 8],
			"to": [16, 10, 8],
			"rotation": {"angle": 0, "axis": "y", "origin": [-1, 0, -8]},
			"faces": {
				"north": {"uv": [4, 0, 8, 2.5], "texture": "#1"},
				"east": {"uv": [4, 0, 4, 2.5], "texture": "#1"},
				"south": {"uv": [8, 0, 12, 2.5], "texture": "#1"},
				"west": {"uv": [8, 0, 8, 2.5], "texture": "#1"},
				"up": {"uv": [8, 0, 4, 0], "texture": "#1"},
				"down": {"uv": [12, 0, 8, 0], "texture": "#1"}
			}
		},
		{
			"from": [-1.5, 14, 9],
			"to": [-1.5, 20, 15],
			"rotation": {"angle": 45, "axis": "y", "origin": [0.5, 2, 8]},
			"faces": {
				"north": {"uv": [14, 14, 14, 15.5], "texture": "#1"},
				"east": {"uv": [12.5, 14, 14, 15.5], "texture": "#1"},
				"south": {"uv": [15.5, 14, 15.5, 15.5], "texture": "#1"},
				"west": {"uv": [14, 14, 15.5, 15.5], "texture": "#1"},
				"up": {"uv": [14, 14, 14, 12.5], "texture": "#1"},
				"down": {"uv": [14, 12.5, 14, 14], "texture": "#1"}
			}
		}
	],
	"display": {
		"thirdperson_righthand": {
			"translation": [0, 5, 0]
		}
	},
	"groups": [
		{
			"name": "base",
			"origin": [5, 12, -5],
			"color": 0,
			"children": [
				0,
				{
					"name": "base2",
					"origin": [0, 0, -1],
					"rotation": [0, 90, 0],
					"color": 0,
					"children": [
						1,
						{
							"name": "bone4",
							"origin": [0, 0, -1],
							"color": 0,
							"children": []
						}
					]
				}
			]
		},
		{
			"name": "upper_jaw",
			"origin": [0.5, 12, -4],
			"rotation": [-180, -180, 0],
			"color": 0,
			"children": []
		},
		{
			"name": "lower_jaw",
			"origin": [1.5, 12, 4],
			"rotation": [-180, 0, 0],
			"color": 0,
			"children": [
				{
					"name": "bone",
					"origin": [4.5, 12, 4],
					"rotation": [0, -50, 0],
					"color": 0,
					"children": []
				},
				{
					"name": "bone2",
					"origin": [-4.5, 16, 11],
					"rotation": [0, 102.5, 0],
					"color": 0,
					"children": []
				},
				{
					"name": "bone3",
					"origin": [0.5, 7, 8],
					"rotation": [0, -30, 0],
					"color": 0,
					"children": [2]
				}
			]
		}
	]
}